code_muni;2024
1100015;22853
1100023;108573
1100031;5690
1100049;97637
1100056;16975
1100064;16588
1100072;8001
1100080;13522
1100098;32717
1100106;43553
1100114;55583
1100122;139359
1100130;34063
1100148;16504
1100155;38681
1100189;39053
1100205;514873
1100254;20518
1100262;3753
1100288;62559
1100296;7877
1100304;108528
1100320;22267
1100338;28496
1100346;13837
1100379;12263
1100403;17463
1100452;30729
1100502;8056
1100601;4345
1100700;9225
1100809;24163
1100908;3456
1100924;10129
1100940;15883
1101005;8420
1101104;9209
1101203;6657
1101302;9740
1101401;12241
1101435;6577
1101450;4390
1101468;2311
1101476;3279
1101484;5605
1101492;17511
1101500;12954
1101559;4536
1101609;8540
1101708;11377
1101757;8265
1101807;6843
1200013;14657
1200054;8573
1200104;27841
1200138;13766
1200179;10922
1200203;98382
1200252;19739
1200302;37644
1200328;9787
1200336;20329
1200344;12776
1200351;17951
1200385;17127
1200393;11275
1200401;387852
1200427;15537
1200435;7143
1200450;22352
1200500;43916
1200609;46517
1200708;19090
1200807;17455
1300029;16670
1300060;11411
1300086;10318
1300102;17932
1300144;21735
1300201;15892
1300300;45328
1300409;18626
1300508;33436
1300607;40509
1300631;22136
1300680;25769
1300706;38246
1300805;34879
1300839;14310
1300904;17885
1301001;30892
1301100;32442
1301159;19809
1301209;73820
1301308;24451
1301407;35534
1301506;17920
1301605;27875
1301654;14332
1301704;62312
1301803;25458
1301852;67114
1301902;112520
1301951;11730
1302009;10805
1302108;9397
1302207;11152
1302306;27656
1302405;48927
1302504;110691
1302553;17009
1302603;2279686
1302702;57758
1302801;15843
1302900;65714
1303007;21106
1303106;28267
1303205;16467
1303304;24987
1303403;101956
1303502;20232
1303536;33004
1303569;25723
1303601;14176
1303700;30448
1303809;56406
1303908;35196
1303957;12247
1304005;12404
1304062;72283
1304104;20501
1304203;79278
1304237;20224
1304260;15278
1304302;19505
1304401;25592
1400027;15583
1400050;23049
1400100;470169
1400159;15222
1400175;20552
1400209;22443
1400233;11708
1400282;10778
1400308;19619
1400407;15744
1400456;22104
1400472;36747
1400506;9727
1400605;7777
1400704;15571
1500107;170999
1500131;6302
1500206;62701
1500305;40246
1500347;17960
1500404;74836
1500503;36334
1500602;136982
1500701;30003
1500800;507838
1500859;34947
1500909;47596
1500958;24321
1501006;19223
1501105;34633
1501204;55949
1501253;4252
1501303;137331
1501402;1398531
1501451;18954
1501501;68191
1501576;18958
1501600;12998
1501709;131679
1501725;26606
1501758;6985
1501782;47351
1501808;115051
1501907;25112
1501956;19578
1502004;25243
1502103;143837
1502152;86629
1502202;74808
1502301;59960
1502400;207603
1502509;21487
1502608;13526
1502707;47099
1502756;28287
1502764;14937
1502772;20859
1502806;36451
1502855;14834
1502905;44413
1502939;62322
1502954;29425
1503002;9125
1503044;18565
1503077;25552
1503093;27059
1503101;33922
1503200;37855
1503309;68955
1503408;10754
1503457;30158
1503507;32698
1503606;133684
1503705;52187
1503754;26006
1503804;38391
1503903;53952
1504000;31778
1504059;37048
1504109;8428
1504208;288513
1504307;27207
1504406;28105
1504422;118998
1504455;28633
1504505;29846
1504604;28821
1504703;90795
1504752;25312
1504802;63641
1504901;48955
1504950;21259
1504976;14417
1505007;13204
1505031;36518
1505064;63754
1505106;55271
1505205;36377
1505304;72460
1505403;18675
1505437;34905
1505486;43594
1505494;7086
1505502;112843
1505536;298854
1505551;7296
1505601;8651
1505635;13341
1505650;18772
1505700;25767
1505809;66898
1505908;43673
1506005;38318
1506104;11332
1506112;11870
1506138;91947
1506161;19129
1506187;56593
1506195;37360
1506203;48168
1506302;25441
1506351;22288
1506401;7654
1506500;78317
1506559;21217
1506583;17079
1506609;25696
1506708;31683
1506807;357311
1506906;6348
1507003;29134
1507102;17248
1507151;21638
1507201;32449
1507300;65957
1507409;15418
1507458;24978
1507466;4509
1507474;21447
1507508;14246
1507607;55798
1507706;27441
1507755;6160
1507805;24441
1507904;25218
1507953;75526
1507961;10815
1507979;19667
1508001;72326
1508035;30373
1508050;15619
1508084;42480
1508100;96238
1508126;39576
1508159;45939
1508209;53806
1508308;61970
1508357;16414
1508407;56999
1600055;4986
1600105;8434
1600154;13798
1600204;11391
1600212;4725
1600238;7145
1600253;6043
1600279;37969
1600303;487200
1600402;23575
1600501;30481
1600535;18988
1600550;4042
1600600;118353
1600709;13785
1600808;11922
1700251;2668
1700301;4537
1700350;5222
1700400;6542
1700707;9094
1701002;10662
1701051;2918
1701101;5067
1701309;5360
1701903;6039
1702000;8273
1702109;181493
1702158;4338
1702208;33205
1702307;5553
1702406;10522
1702554;18128
1702703;3420
1702901;10663
1703008;7779
1703057;3534
1703073;4641
1703107;4915
1703206;4316
1703305;4181
1703602;2016
1703701;4796
1703800;10654
1703826;1991
1703842;8951
1703867;4147
1703883;2246
1703891;3362
1703909;5009
1704105;2135
1704600;1563
1705102;3182
1705508;35957
1705557;4896
1705607;3956
1706001;5515
1706100;6437
1706258;1499
1706506;6054
1707009;18031
1707108;7297
1707207;6395
1707306;4321
1707405;7493
1707553;3520
1707652;5336
1707702;7823
1708205;19428
1708254;3676
1708304;4840
1709005;12816
1709302;25681
1709500;89574
1709807;1627
1710508;6969
1710706;5206
1710904;3679
1711100;2464
1711506;3403
1711803;2305
1711902;16312
1711951;3610
1712009;3520
1712157;1673
1712405;2991
1712454;2803
1712504;4772
1712702;2888
1712801;3171
1713205;18787
1713304;13056
1713601;5722
1713700;2500
1713809;4897
1713957;3485
1714203;8961
1714302;4660
1714880;10609
1715002;3403
1715101;4102
1715150;1841
1715259;2263
1715507;1211
1715705;4909
1715754;7119
1716109;55164
1716208;10854
1716307;4085
1716505;14731
1716604;9438
1716653;5038
1716703;9158
1717008;4596
1717206;2265
1717503;7375
1717800;4295
1717909;7842
1718006;2953
1718204;68555
1718303;9460
1718402;3051
1718451;2231
1718501;3471
1718550;4039
1718659;1822
1718709;2833
1718758;4798
1718808;4372
1718840;3873
1718865;7489
1718881;2726
1718899;2291
1718907;4789
1719004;2889
1720002;2463
1720101;5936
1720150;1875
1720200;13939
1720259;2385
1720309;4189
1720499;4547
1720655;5252
1720804;11334
1720853;1599
1720903;14247
1720937;2086
1720978;2509
1721000;323625
1721109;7751
1721208;23203
1721257;2003
1721307;1897
1722081;10751
1722107;10683
2100055;110506
2100105;6296
2100154;12446
2100204;18774
2100303;23782
2100402;6565
2100436;24543
2100477;26411
2100501;11382
2100550;7364
2100600;38333
2100709;26221
2100808;14111
2100832;17984
2100873;11347
2100907;40278
2100956;26191
2101004;30521
2101103;12079
2101202;107620
2101251;17414
2101301;16610
2101350;5374
2101400;106094
2101509;19458
2101608;87672
2101707;67999
2101731;8716
2101772;12073
2101806;5597
2101905;19983
2101939;5983
2101970;7769
2102002;34035
2102036;29588
2102077;12414
2102101;35322
2102150;9387
2102200;30799
2102309;22940
2102325;56896
2102358;13157
2102374;10004
2102408;10342
2102507;16711
2102556;12553
2102606;20413
2102705;24976
2102754;11664
2102804;24606
2102903;24855
2103000;163428
2103109;10444
2103125;7233
2103158;12668
2103174;16529
2103208;84202
2103257;13152
2103307;118295
2103406;42918
2103505;41745
2103554;15264
2103604;61351
2103703;32608
2103752;14788
2103802;23579
2103901;10448
2104008;18725
2104057;34353
2104073;8236
2104081;11184
2104099;18133
2104107;12951
2104206;17346
2104305;10422
2104404;17579
2104503;10472
2104552;18908
2104602;14258
2104628;7219
2104651;10981
2104677;23563
2104701;6161
2104800;76578
2104909;10470
2105005;26546
2105104;25332
2105153;14350
2105203;10463
2105302;285146
2105351;14143
2105401;62269
2105427;22934
2105450;7610
2105476;17499
2105500;25287
2105609;15235
2105658;5275
2105708;45875
2105807;9700
2105906;15077
2105922;10809
2105948;8961
2105963;11710
2105989;7227
2106003;11558
2106102;11876
2106201;7351
2106300;14001
2106326;21686
2106359;7165
2106375;14086
2106409;17537
2106508;22530
2106607;33300
2106631;17945
2106672;9048
2106706;21518
2106755;24377
2106805;14297
2106904;28606
2107001;9309
2107100;18994
2107209;14551
2107258;5144
2107308;4412
2107357;14468
2107407;18295
2107456;13909
2107506;152306
2107605;21606
2107704;18619
2107803;32256
2107902;17592
2108009;19246
2108058;17523
2108108;20792
2108207;38267
2108256;24917
2108306;33534
2108405;11277
2108454;20910
2108504;32521
2108603;87919
2108702;22369
2108801;18120
2108900;17444
2109007;24517
2109056;6091
2109106;46578
2109205;11616
2109239;4748
2109270;17913
2109304;10791
2109403;13922
2109452;32054
2109502;22699
2109551;7597
2109601;39763
2109700;5701
2109759;6839
2109809;43112
2109908;88167
2110005;59037
2110039;24870
2110104;24489
2110203;38446
2110237;10777
2110278;14280
2110302;14623
2110401;18793
2110500;48036
2110609;27887
2110658;8213
2110708;35221
2110807;4495
2110856;9222
2110906;12353
2111003;18909
2111029;12421
2111052;10105
2111078;17254
2111102;25891
2111201;257414
2111250;7102
2111300;1088057
2111409;18153
2111508;40160
2111532;14736
2111573;5965
2111607;19129
2111631;5767
2111672;4602
2111706;19885
2111722;8880
2111748;10445
2111763;15035
2111789;10461
2111805;17457
2111904;10471
2111953;5088
2112001;9106
2112100;27344
2112209;182241
2112233;23052
2112274;5633
2112308;37401
2112407;38905
2112456;33032
2112506;55041
2112605;34060
2112704;44540
2112803;53115
2112852;10575
2112902;31851
2113009;31906
2114007;41943
2200053;6515
2200103;5023
2200202;18033
2200251;6901
2200277;4713
2200301;13734
2200400;49637
2200459;5459
2200509;17577
2200608;6982
2200707;9631
2200806;3228
2200905;5433
2200954;2766
2201002;4593
2201051;7597
2201101;11106
2201150;13838
2201176;4091
2201200;49533
2201309;3334
2201408;6744
2201507;27123
2201556;4208
2201572;3508
2201606;10104
2201705;5701
2201739;6368
2201770;7108
2201804;4131
2201903;30321
2201919;5786
2201929;6089
2201945;6728
2201960;8658
2201988;3969
2202000;20096
2202026;7538
2202059;10449
2202075;3146
2202083;8203
2202091;5605
2202109;4988
2202117;4701
2202133;6188
2202174;7636
2202208;47074
2202251;3429
2202307;19669
2202406;11347
2202455;4065
2202505;10538
2202539;5755
2202554;5162
2202604;19663
2202653;5657
2202703;29209
2202711;5034
2202729;6569
2202737;4233
2202752;6287
2202778;7088
2202802;5063
2202851;4305
2202901;28275
2203008;7454
2203107;10772
2203206;11552
2203230;4968
2203255;4527
2203271;5185
2203305;16998
2203354;7238
2203404;6421
2203420;4138
2203453;9335
2203503;13786
2203602;4435
2203701;42510
2203750;5414
2203800;4508
2203859;2364
2203909;64150
2204006;4517
2204105;4494
2204154;2986
2204204;8366
2204303;10382
2204352;5587
2204402;11166
2204501;10478
2204550;4350
2204600;3562
2204659;9501
2204709;15259
2204808;9620
2204907;7886
2205003;10980
2205102;10493
2205151;5715
2205201;17811
2205250;4251
2205276;4568
2205300;4600
2205359;3031
2205409;14175
2205458;5535
2205508;44391
2205516;5311
2205524;5499
2205532;4505
2205540;3029
2205557;8449
2205565;5146
2205573;6449
2205581;5009
2205599;4575
2205607;5311
2205706;31775
2205805;26204
2205854;8218
2205904;5314
2205953;8783
2206001;4848
2206050;5215
2206100;10875
2206209;33071
2206308;1352
2206357;6678
2206407;10455
2206506;7751
2206605;10910
2206654;4458
2206670;6547
2206696;10139
2206704;6729
2206720;10706
2206753;5406
2206803;8732
2206902;6178
2206951;2886
2207009;39545
2207108;2725
2207207;6481
2207306;4174
2207355;3041
2207405;5048
2207504;13480
2207553;3878
2207603;10289
2207702;169552
2207751;4220
2207777;5461
2207793;3972
2207801;21601
2207850;3698
2207900;39039
2207934;2514
2207959;4147
2208007;86228
2208106;11528
2208205;17947
2208304;29849
2208403;67676
2208502;12312
2208551;2391
2208601;3098
2208650;8936
2208700;8563
2208809;17418
2208858;4241
2208874;4114
2208908;6215
2209005;5868
2209104;5928
2209153;3466
2209203;6209
2209302;5425
2209351;4174
2209377;4690
2209401;5938
2209450;2189
2209500;3719
2209559;4451
2209609;2885
2209658;5703
2209708;5404
2209757;3019
2209807;4944
2209856;4306
2209872;5615
2209906;6233
2209955;4443
2209971;8443
2210003;22036
2210052;4906
2210102;3320
2210201;6732
2210300;6135
2210359;4497
2210375;2329
2210383;2304
2210391;2870
2210409;17902
2210508;14046
2210607;40784
2210623;3228
2210631;4572
2210656;9631
2210706;14650
2210805;14342
2210904;4184
2210938;6345
2210953;3029
2210979;2330
2211001;902644
2211100;47707
2211209;26501
2211308;22920
2211357;5173
2211407;4515
2211506;3271
2211605;2979
2211704;4117
2300101;10282
2300150;14306
2300200;68758
2300309;46215
2300408;14220
2300507;11754
2300606;6970
2300705;14418
2300754;44342
2300804;7484
2300903;13219
2301000;84737
2301109;78752
2301208;26696
2301257;11485
2301307;20223
2301406;11459
2301505;7619
2301604;22212
2301703;24267
2301802;5832
2301851;17654
2301901;80217
2301950;23351
2302008;19669
2302057;14977
2302107;36978
2302206;55666
2302305;34441
2302404;52169
2302503;53778
2302602;65031
2302701;26082
2302800;77207
2302909;17760
2303006;16419
2303105;18075
2303204;27482
2303303;17333
2303402;17758
2303501;76365
2303600;9577
2303659;10817
2303709;375730
2303808;22678
2303907;12805
2303931;12380
2303956;20763
2304004;21438
2304103;79809
2304202;138232
2304236;18007
2304251;31847
2304269;9172
2304277;6393
2304285;80304
2304301;18557
2304350;25127
2304400;2574412
2304459;18052
2304509;16362
2304608;6924
2304657;14174
2304707;55633
2304806;4960
2304905;11313
2304954;25085
2305001;44294
2305100;5819
2305209;18225
2305233;79934
2305266;12191
2305308;24649
2305332;11979
2305357;22367
2305407;64802
2305506;102251
2305605;24530
2305654;11937
2305704;12441
2305803;42968
2305902;38285
2306009;14411
2306108;24751
2306207;7779
2306256;70679
2306306;49086
2306405;137892
2306504;18228
2306553;45465
2306603;21087
2306702;17625
2306801;10656
2306900;35124
2307007;33070
2307106;28707
2307205;8100
2307254;27662
2307304;303004
2307403;24591
2307502;32123
2307601;62285
2307635;17264
2307650;249684
2307700;108937
2307809;27064
2307908;11232
2308005;39633
2308104;47406
2308203;15749
2308302;26860
2308351;14635
2308377;14736
2308401;38767
2308500;38649
2308609;17664
2308708;65323
2308807;8516
2308906;23608
2309003;14009
2309102;10993
2309201;15960
2309300;32014
2309409;29043
2309458;25218
2309508;20019
2309607;74825
2309706;85873
2309805;11442
2309904;6345
2310001;9671
2310100;10339
2310209;41447
2310258;33896
2310308;32816
2310407;10528
2310506;42257
2310605;9308
2310704;39715
2310803;15869
2310852;24607
2310902;17202
2310951;10952
2311009;12423
2311108;17745
2311207;8926
2311231;6129
2311264;20506
2311306;88483
2311355;16992
2311405;85797
2311504;21607
2311603;28359
2311702;19059
2311801;74582
2311900;14036
2311959;17220
2312007;32043
2312106;17388
2312205;41647
2312304;49829
2312403;57499
2312502;5792
2312601;10962
2312700;25143
2312809;7519
2312908;215286
2313005;18736
2313104;32044
2313203;25331
2313252;7626
2313302;64255
2313351;17626
2313401;86137
2313500;61516
2313559;15457
2313609;34312
2313708;6993
2313757;17804
2313807;21279
2313906;14243
2313955;18660
2314003;40771
2314102;62609
2400109;10865
2400208;58906
2400307;11149
2400406;3028
2400505;14042
2400604;4806
2400703;12857
2400802;11973
2400901;6738
2401008;37390
2401107;24643
2401206;13657
2401305;10045
2401404;9098
2401453;28268
2401503;4103
2401602;4920
2401651;2363
2401701;10279
2401800;12603
2401859;6474
2401909;3359
2402006;63339
2402105;10504
2402204;30806
2402303;20161
2402402;8267
2402501;10010
2402600;83009
2402709;11322
2402808;5241
2402907;4315
2403004;8238
2403103;42930
2403202;7253
2403251;269298
2403301;6252
2403400;5476
2403509;10936
2403608;66993
2403707;6458
2403756;3029
2403806;10528
2403905;2763
2404002;4231
2404101;2160
2404200;28212
2404309;12239
2404408;10251
2404507;15947
2404606;11903
2404705;14539
2404804;2090
2404853;7531
2404903;5452
2405009;8051
2405108;6748
2405207;4834
2405306;8836
2405405;5231
2405504;2493
2405603;14416
2405702;11952
2405801;34768
2405900;2093
2406007;5964
2406106;18286
2406155;3859
2406205;6733
2406304;7577
2406403;2633
2406502;16126
2406601;8619
2406700;10108
2406809;4939
2406908;3579
2407005;9286
2407104;86433
2407203;28384
2407252;4067
2407302;8092
2407401;8411
2407500;10534
2407609;4404
2407708;11774
2407807;23843
2407906;2343
2408003;278034
2408102;785368
2408201;33949
2408300;35534
2408409;3748
2408508;5071
2408607;4046
2408706;3659
2408805;4940
2408904;22179
2408953;10672
2409100;11406
2409209;3222
2409308;11245
2409332;4992
2409407;31975
2409506;3729
2409605;2499
2409704;6345
2409803;14197
2409902;12536
2410009;3010
2410108;12619
2410207;7842
2410256;5357
2410306;11146
2410405;9707
2410504;5647
2410603;3008
2410702;2741
2410801;4243
2410900;7627
2411007;4349
2411056;5674
2411106;3266
2411205;38996
2411403;12746
2411429;2787
2411502;22779
2411601;3426
2411700;3892
2411809;3600
2411908;4304
2412005;123207
2412104;6130
2412203;49693
2412302;11340
2412401;4716
2412500;24329
2412559;10590
2412609;17320
2412708;5905
2412807;7899
2412906;10188
2413003;6514
2413102;6007
2413201;4193
2413300;5864
2413359;13694
2413409;7801
2413508;6609
2413557;4802
2413607;5623
2413706;4758
2413805;2406
2413904;11716
2414001;13602
2414100;10587
2414159;6118
2414209;17840
2414308;2420
2414407;34624
2414456;3474
2414506;10671
2414605;14013
2414704;5383
2414753;3035
2414803;11044
2414902;1890
2415008;3289
2500106;9578
2500205;5061
2500304;26774
2500403;21724
2500502;14118
2500536;5777
2500577;3105
2500601;22797
2500700;18468
2500734;2316
2500775;8225
2500809;17012
2500908;12496
2501005;17442
2501104;23082
2501153;2036
2501203;7393
2501302;19148
2501351;4342
2501401;9648
2501500;23989
2501534;4968
2501575;8253
2501609;13094
2501708;6101
2501807;84404
2501906;16740
2502003;6324
2502052;3650
2502102;5277
2502151;6575
2502201;2333
2502300;4740
2502409;10460
2502508;18153
2502607;5743
2502706;4231
2502805;14050
2502904;5840
2503001;21865
2503100;5515
2503209;70067
2503308;9351
2503407;3354
2503506;16373
2503555;7478
2503605;6713
2503704;66171
2503753;2776
2503803;5928
2503902;6298
2504009;440939
2504033;7347
2504074;4059
2504108;2367
2504157;7056
2504207;4572
2504306;32118
2504355;5492
2504405;18723
2504504;6624
2504603;29543
2504702;5102
2504801;15005
2504850;1882
2504900;17718
2505006;7820
2505105;20205
2505204;6894
2505238;6431
2505279;5406
2505303;2327
2505352;5131
2505402;8300
2505501;3759
2505600;6431
2505709;10640
2505808;3377
2505907;3053
2506004;32522
2506103;11315
2506202;2913
2506251;8395
2506301;59836
2506400;14133
2506509;3343
2506608;5733
2506707;10550
2506806;18197
2506905;23621
2507002;24686
2507101;19054
2507200;10816
2507309;14923
2507408;7721
2507507;888679
2507606;8057
2507705;17488
2507804;7002
2507903;10259
2508000;9410
2508109;4502
2508208;8088
2508307;29053
2508406;3292
2508505;7045
2508554;5045
2508604;13019
2508703;3624
2508802;6259
2508901;46719
2509008;10700
2509057;9435
2509107;22126
2509156;6960
2509206;14666
2509305;8585
2509339;4735
2509370;2592
2509396;6677
2509404;14375
2509503;6083
2509602;4435
2509701;33742
2509800;8945
2509909;9014
2510006;7392
2510105;9884
2510204;5909
2510303;4362
2510402;6111
2510501;3674
2510600;2998
2510659;1751
2510709;2562
2510808;107774
2510907;12160
2511004;3846
2511103;6998
2511202;31152
2511301;17006
2511400;18835
2511509;12801
2511608;6979
2511707;5514
2511806;9467
2511905;17164
2512002;17990
2512036;3932
2512077;4120
2512101;33796
2512200;4027
2512309;21659
2512408;14837
2512507;50214
2512606;1798
2512705;18373
2512721;5925
2512747;2964
2512754;4877
2512762;4946
2512788;2044
2512804;8762
2512903;25394
2513000;3437
2513109;11760
2513158;8031
2513208;6041
2513307;6020
2513356;3274
2513406;15387
2513505;5106
2513604;6657
2513653;2606
2513703;159121
2513802;4499
2513851;2702
2513901;33700
2513927;4473
2513943;2676
2513968;2636
2513984;3190
2514008;4341
2514107;4363
2514206;7270
2514305;5032
2514404;4099
2514453;6105
2514503;19552
2514552;3383
2514602;3333
2514651;1748
2514701;4270
2514800;3474
2514909;7640
2515005;7287
2515104;11365
2515203;3376
2515302;53309
2515401;10620
2515500;14075
2515609;3162
2515708;3043
2515807;6984
2515906;4839
2515930;5282
2515971;8579
2516003;27749
2516102;14381
2516151;3461
2516201;69876
2516300;17763
2516409;7934
2516508;14376
2516607;14464
2516706;15082
2516755;3069
2516805;10259
2516904;15386
2517001;9302
2517100;2764
2517209;4974
2517407;2310
2600054;103945
2600104;42407
2600203;19349
2600302;24615
2600401;27221
2600500;43713
2600609;14355
2600708;37372
2600807;21185
2600906;18471
2601003;10580
2601052;19936
2601102;90104
2601201;82003
2601300;12616
2601409;42056
2601508;10829
2601607;18713
2601706;83647
2601805;11981
2601904;64809
2602001;36129
2602100;46192
2602209;39278
2602308;39163
2602407;9399
2602506;8010
2602605;51107
2602704;13254
2602803;54425
2602902;216969
2603009;31746
2603108;20612
2603207;30441
2603306;11445
2603405;5367
2603454;155771
2603504;17991
2603603;7972
2603702;25090
2603801;18890
2603900;19513
2603926;12682
2604007;83205
2604106;402290
2604155;13489
2604205;33279
2604304;10845
2604403;13461
2604502;21224
2604601;25383
2604700;17660
2604809;10512
2604908;16252
2605004;24301
2605103;39403
2605152;17749
2605202;62252
2605301;33436
2605400;22169
2605459;3316
2605509;15794
2605608;20835
2605707;31627
2605806;14070
2605905;17973
2606002;151064
2606101;30370
2606200;85160
2606309;7206
2606408;91887
2606507;17605
2606606;28760
2606705;7344
2606804;122312
2606903;11366
2607000;27488
2607109;4959
2607208;105638
2607307;30603
2607406;4490
2607505;33691
2607604;25529
2607653;36626
2607703;14232
2607752;29463
2607802;17109
2607901;683285
2607950;10483
2608008;16323
2608057;14463
2608107;28903
2608206;13506
2608255;11975
2608305;15943
2608404;14027
2608453;18708
2608503;19915
2608602;12364
2608701;14386
2608750;24952
2608800;41786
2608909;59125
2609006;24624
2609105;11471
2609154;26773
2609204;9432
2609303;14599
2609402;57647
2609501;32153
2609600;365402
2609709;22438
2609808;14100
2609907;68329
2610004;56615
2610103;7154
2610202;23449
2610301;12712
2610400;19028
2610509;29719
2610608;59638
2610707;362960
2610806;23605
2610905;65408
2611002;35991
2611101;414083
2611200;10805
2611309;26847
2611408;14351
2611507;17974
2611533;6755
2611606;1587707
2611705;21411
2611804;34255
2611903;20460
2612000;11218
2612109;5620
2612208;65635
2612307;14173
2612406;18933
2612455;14320
2612471;11933
2612505;104277
2612554;12402
2612604;42682
2612703;14533
2612802;10513
2612901;13479
2613008;51264
2613107;39117
2613206;24772
2613305;20440
2613404;19468
2613503;36752
2613602;32491
2613701;117759
2613800;17176
2613909;98143
2614006;18759
2614105;34269
2614204;39233
2614303;10849
2614402;5403
2614501;67515
2614600;29093
2614709;14277
2614808;24803
2614857;24534
2615003;25497
2615102;6857
2615201;9221
2615300;47575
2615409;43636
2615508;14393
2615607;32086
2615706;15142
2615805;27009
2615904;8252
2616001;17609
2616100;9474
2616183;7782
2616209;22955
2616308;27297
2616407;143799
2616506;11791
2700102;19550
2700201;14193
2700300;243661
2700409;38530
2700508;16735
2700607;8118
2700706;17103
2700805;4820
2700904;5898
2701001;21517
2701100;9786
2701209;10701
2701308;16605
2701357;6807
2701407;32714
2701506;8293
2701605;15743
2701704;15068
2701803;9200
2701902;6010
2702009;11036
2702108;15949
2702207;5700
2702306;51788
2702355;26115
2702405;52809
2702504;9906
2702553;15701
2702603;23191
2702702;4038
2702801;9767
2702900;37335
2703007;13992
2703106;24452
2703205;22125
2703304;15417
2703403;5182
2703502;5432
2703601;9443
2703700;5075
2703759;9625
2703809;17386
2703908;4176
2704005;24381
2704104;18831
2704203;25197
2704302;994464
2704401;17834
2704500;33232
2704609;9715
2704708;62341
2704807;13968
2704906;3212
2705002;22147
2705101;24330
2705200;15707
2705309;4938
2705408;7341
2705507;25933
2705606;10298
2705705;21132
2705804;8522
2705903;4384
2706000;11048
2706109;11699
2706208;4410
2706307;73596
2706406;24291
2706422;10803
2706448;14176
2706505;14076
2706604;6697
2706703;60189
2706802;16201
2706901;36499
2707008;2786
2707107;23053
2707206;12974
2707305;24520
2707404;9508
2707503;20262
2707602;11305
2707701;97435
2707800;6607
2707909;7065
2708006;47397
2708105;11568
2708204;6557
2708303;21193
2708402;31557
2708501;31792
2708600;53391
2708709;8687
2708808;32701
2708907;25000
2708956;12549
2709004;5909
2709103;19422
2709152;39161
2709202;24124
2709301;60874
2709400;24423
2800100;2206
2800209;20542
2800308;628849
2800407;10483
2800506;18560
2800605;44384
2800670;25038
2800704;8016
2801009;18646
2801108;3855
2801207;27885
2801306;32716
2801405;20315
2801504;14179
2801603;5482
2801702;17539
2801900;3906
2802007;4433
2802106;66978
2802205;6207
2802304;14884
2802403;11301
2802502;3111
2802601;5979
2802700;8495
2802809;16949
2802908;108408
2803005;42114
2803104;4823
2803203;35863
2803302;16472
2803401;13707
2803500;105558
2803609;24170
2803708;7024
2803807;3666
2803906;11728
2804003;15975
2804102;11288
2804201;14732
2804300;8033
2804409;16558
2804458;9496
2804508;43255
2804607;25537
2804706;6404
2804805;202450
2804904;12709
2805000;2818
2805109;7416
2805208;5769
2805307;8037
2805406;34723
2805505;22214
2805604;27350
2805703;27273
2805802;18579
2805901;8875
2806008;17362
2806107;9499
2806206;20772
2806305;13965
2806404;7530
2806503;4038
2806602;11297
2806701;100360
2806800;10550
2806909;3323
2807006;3481
2807105;44285
2807204;7984
2807303;3373
2807402;52613
2807501;12145
2807600;24538
2900108;7452
2900207;18240
2900306;14215
2900355;14554
2900405;14871
2900504;10948
2900603;4586
2900702;160662
2900801;25494
2900900;5327
2901007;38478
2901106;24848
2901155;15583
2901205;26715
2901304;13531
2901353;15485
2901403;14178
2901502;11456
2901601;15061
2901700;11501
2901809;11236
2901908;16379
2901957;7114
2902005;14422
2902054;11946
2902104;50336
2902203;10122
2902252;10463
2902302;8981
2902401;11409
2902500;14110
2902609;18680
2902658;12309
2902708;53528
2902807;27582
2902906;38481
2903003;14345
2903102;5920
2903201;170667
2903235;13911
2903276;15743
2903300;5966
2903409;20567
2903508;19042
2903607;15606
2903706;14052
2903805;17307
2903904;68704
2903953;10028
2904001;14104
2904050;16393
2904100;19829
2904209;11411
2904308;13272
2904407;9377
2904506;12169
2904605;74095
2904704;15056
2904753;20212
2904803;6224
2904852;17039
2904902;30550
2905008;23246
2905107;10729
2905156;11500
2905206;54572
2905305;18039
2905404;18486
2905503;13566
2905602;22756
2905701;319394
2905800;31775
2905909;32377
2906006;74894
2906105;10612
2906204;24989
2906303;34343
2906402;7969
2906501;75083
2906600;13425
2906709;26465
2906808;39556
2906824;16662
2906857;11055
2906873;35228
2906899;10260
2906907;21229
2907004;8634
2907103;30375
2907202;75815
2907301;25471
2907400;3560
2907509;50153
2907558;9115
2907608;16849
2907707;10929
2907806;32268
2907905;17836
2908002;17663
2908101;19817
2908200;21499
2908309;16184
2908408;71316
2908507;37409
2908606;24434
2908705;17571
2908804;4490
2908903;28258
2909000;7763
2909109;14464
2909208;17593
2909307;34179
2909406;13472
2909505;4514
2909604;20343
2909703;14514
2909802;63203
2909901;36021
2910008;11094
2910057;75053
2910107;12309
2910206;4588
2910305;8066
2910404;19535
2910503;39902
2910602;34146
2910701;64547
2910727;120515
2910750;18469
2910776;5825
2910800;657948
2910859;18573
2910909;5006
2911006;11442
2911105;27421
2911204;33938
2911253;4493
2911303;11263
2911402;16072
2911501;5567
2911600;21314
2911659;8225
2911709;93065
2911808;19490
2911857;13074
2911907;25333
2912004;10754
2912103;22200
2912202;21690
2912301;14306
2912400;17128
2912509;14316
2912608;3837
2912707;26794
2912806;9259
2912905;19375
2913002;15062
2913101;17509
2913200;27670
2913309;6415
2913408;16047
2913457;13528
2913507;21897
2913606;189028
2913705;35397
2913804;14064
2913903;42507
2914000;59264
2914109;10318
2914208;6255
2914307;11060
2914406;24759
2914505;29509
2914604;78425
2914653;29563
2914703;68244
2914802;196676
2914901;29337
2915007;13822
2915106;14314
2915205;15792
2915304;6512
2915353;12683
2915403;6157
2915502;19249
2915601;62065
2915700;7219
2915809;25108
2915908;6087
2916005;18258
2916104;20369
2916203;10658
2916302;9501
2916401;68735
2916500;33254
2916609;10630
2916708;8448
2916807;17517
2916856;16375
2916906;11261
2917003;35491
2917102;16945
2917201;18493
2917300;22299
2917334;11532
2917359;9592
2917409;14901
2917508;86649
2917607;47738
2917706;34440
2917805;18300
2917904;9535
2918001;168733
2918100;39501
2918209;14066
2918308;14815
2918357;25799
2918407;254481
2918456;9944
2918506;16956
2918555;6059
2918605;7585
2918704;4221
2918753;14546
2918803;21704
2918902;3986
2919009;3621
2919058;7702
2919108;9305
2919157;26998
2919207;217960
2919306;11170
2919405;12208
2919504;46249
2919553;116662
2919603;10758
2919702;22596
2919801;43725
2919900;7455
2919926;19173
2919959;7212
2920007;9011
2920106;18161
2920205;15834
2920304;8972
2920403;14295
2920452;14484
2920502;29197
2920601;37225
2920700;25626
2920809;9507
2920908;13941
2921005;44839
2921054;10629
2921104;22925
2921203;25317
2921302;11434
2921401;16185
2921450;10523
2921500;49823
2921609;8232
2921708;35224
2921807;11487
2921906;12650
2922003;40005
2922052;13625
2922102;17417
2922201;7443
2922250;10796
2922300;30146
2922409;20612
2922508;28403
2922607;12418
2922656;19500
2922706;14035
2922730;8264
2922755;6701
2922805;8059
2922854;7708
2922904;24906
2923001;41551
2923035;11565
2923050;11197
2923100;23085
2923209;21334
2923308;7939
2923357;20037
2923407;20677
2923506;10819
2923605;21009
2923704;30671
2923803;27866
2923902;9584
2924009;119128
2924058;13675
2924108;6415
2924207;14288
2924306;20859
2924405;37272
2924504;15146
2924603;19625
2924652;10656
2924678;11429
2924702;9255
2924801;17838
2924900;8254
2925006;24036
2925105;50642
2925204;33608
2925253;18670
2925303;181007
2925402;10636
2925501;37241
2925600;15650
2925709;12986
2925758;29343
2925808;27362
2925907;26457
2925931;9815
2925956;20146
2926004;42746
2926103;14147
2926202;22323
2926301;35118
2926400;32103
2926509;14525
2926608;56170
2926657;10039
2926707;13627
2926806;13520
2926905;10801
2927002;36997
2927101;10801
2927200;29606
2927309;15568
2927408;2568928
2927507;21723
2927606;15421
2927705;30862
2927804;4721
2927903;10628
2928000;39922
2928059;14377
2928109;40467
2928208;25520
2928307;9023
2928406;28826
2928505;10847
2928604;58413
2928703;109267
2928802;54940
2928901;34783
2928950;8693
2929008;11198
2929057;15740
2929107;20918
2929206;40932
2929255;19210
2929305;41909
2929354;5451
2929370;10556
2929404;10634
2929503;42936
2929602;18609
2929701;16485
2929750;11842
2929800;10715
2929909;48530
2930006;9610
2930105;77976
2930154;36119
2930204;40147
2930303;17580
2930402;18685
2930501;84428
2930600;13831
2930709;120394
2930758;13935
2930766;14359
2930774;26959
2930808;17674
2930907;12368
2931004;21741
2931053;17770
2931103;7983
2931202;18571
2931301;16253
2931350;153332
2931400;7301
2931509;21827
2931608;15919
2931707;11035
2931806;16691
2931905;50959
2932002;25441
2932101;19162
2932200;17967
2932309;16097
2932408;13880
2932457;13888
2932507;18403
2932606;15794
2932705;22130
2932804;16691
2932903;90028
2933000;25126
2933059;14279
2933109;8344
2933158;13847
2933174;10296
2933208;44978
2933257;6171
2933307;394024
2933406;9847
2933455;13436
2933505;25430
2933604;46979
3100104;6365
3100203;23161
3100302;14312
3100401;3997
3100500;8995
3100609;12545
3100708;2165
3100807;4490
3100906;18841
3101003;14486
3101102;26165
3101201;6382
3101300;2816
3101409;3023
3101508;31333
3101607;81950
3101631;7184
3101706;41894
3101805;7029
3101904;18672
3102001;14253
3102050;5982
3102100;10994
3102209;4012
3102308;15360
3102407;4322
3102506;4595
3102605;42282
3102704;9333
3102803;12169
3102852;7860
3102902;11345
3103009;9388
3103108;1558
3103207;2224
3103306;2095
3103405;35250
3103504;122874
3103603;2991
3103702;8218
3103751;8935
3103801;2674
3103900;9556
3104007;117677
3104106;9348
3104205;43348
3104304;14212
3104403;2725
3104452;4820
3104502;17598
3104601;14565
3104700;13967
3104809;4593
3104908;18768
3105004;7614
3105103;24144
3105202;4821
3105301;6146
3105400;32095
3105509;4991
3105608;129630
3105707;5740
3105905;20566
3106002;10412
3106101;3299
3106200;2416339
3106309;24503
3106408;8946
3106507;9769
3106606;4546
3106655;4277
3106705;429236
3106804;3388
3106903;14331
3107000;2409
3107109;41332
3107208;5508
3107307;49668
3107406;53995
3107505;6968
3107604;4642
3107703;5775
3107802;14756
3107901;13183
3108008;17510
3108107;7672
3108206;5615
3108255;10491
3108305;17811
3108404;15137
3108503;5841
3108552;15432
3108602;33188
3108701;4314
3108800;4475
3108909;14506
3109006;40777
3109105;11161
3109204;9229
3109253;4149
3109303;24693
3109402;24068
3109451;6797
3109501;11396
3109600;3781
3109709;12248
3109808;2346
3109907;11832
3110004;39850
3110103;5463
3110202;4186
3110301;14588
3110400;2867
3110509;27551
3110608;30870
3110707;12560
3110806;2917
3110905;16334
3111002;21143
3111101;18250
3111150;3802
3111200;53943
3111309;11624
3111408;8838
3111507;13136
3111606;26809
3111705;4832
3111804;10755
3111903;5356
3112000;14236
3112059;4039
3112109;5144
3112208;4416
3112307;41536
3112406;6652
3112505;11105
3112604;14899
3112653;4650
3112703;14401
3112802;10863
3112901;9128
3113008;19654
3113107;2960
3113206;24368
3113305;32165
3113404;90687
3113503;8633
3113602;7029
3113701;18852
3113800;2682
3113909;11776
3114006;11279
3114105;14114
3114204;24376
3114303;29899
3114402;21464
3114501;18498
3114550;9630
3114600;4153
3114709;3417
3114808;4507
3114907;2260
3115003;2757
3115102;17495
3115201;3596
3115300;67872
3115359;5668
3115409;3141
3115458;7226
3115474;4805
3115508;21436
3115607;1091
3115706;6243
3115805;10440
3115904;3177
3116001;6261
3116100;10024
3116159;12810
3116209;2865
3116308;5599
3116407;4777
3116506;7259
3116605;31665
3116704;7285
3116803;8251
3116902;2813
3117009;6627
3117108;10668
3117207;2837
3117306;29949
3117405;4503
3117504;24254
3117603;5567
3117702;12780
3117801;11183
3117836;7420
3117876;7676
3117900;11403
3118007;54986
3118106;4927
3118205;6864
3118304;137980
3118403;21113
3118502;1578
3118601;649975
3118700;9197
3118809;26151
3118908;7592
3119005;3247
3119104;23996
3119203;11200
3119302;30013
3119401;108551
3119500;8283
3119609;2799
3119708;3586
3119807;2978
3119906;4429
3119955;6310
3120003;2912
3120102;4346
3120151;5296
3120201;12576
3120300;5165
3120409;4735
3120508;10627
3120607;5633
3120706;3610
3120805;15779
3120839;3994
3120870;7630
3120904;83862
3121001;5618
3121100;8130
3121209;8760
3121258;11003
3121308;5058
3121407;7900
3121506;3059
3121605;49353
3121704;3596
3121803;6789
3121902;4426
3122009;21329
3122108;4186
3122207;6607
3122306;242328
3122355;6513
3122405;5993
3122454;10585
3122470;3767
3122504;4981
3122603;5051
3122702;5350
3122801;3176
3122900;6241
3123007;10313
3123106;5121
3123205;12786
3123304;5159
3123403;1496
3123502;1869
3123528;8038
3123601;27343
3123700;14308
3123809;6411
3123858;5293
3123908;15120
3124005;20951
3124104;91573
3124203;24761
3124302;31385
3124401;7007
3124500;11836
3124609;2204
3124708;2750
3124807;6926
3124906;11075
3125002;3977
3125101;57913
3125200;2662
3125309;3239
3125408;5248
3125507;3098
3125606;6592
3125705;14279
3125804;2825
3125903;9666
3125952;10693
3126000;8386
3126109;70668
3126208;8103
3126307;3485
3126406;3207
3126505;7208
3126604;4564
3126703;23819
3126752;5062
3126802;5741
3126901;8334
3126950;3475
3127008;14909
3127057;4405
3127073;4607
3127107;60942
3127206;4886
3127305;6281
3127339;4863
3127354;2991
3127370;2869
3127388;4190
3127404;4891
3127503;5271
3127602;11549
3127701;266649
3127800;14091
3127909;1426
3128006;33434
3128105;14073
3128204;9921
3128253;5203
3128303;19611
3128402;7780
3128501;3132
3128600;6684
3128709;52621
3128808;7284
3128907;8808
3129004;7850
3129103;5203
3129202;6274
3129301;12486
3129400;5334
3129509;22596
3129608;6254
3129657;5139
3129707;11057
3129806;178713
3129905;3439
3130002;2740
3130051;10912
3130101;48475
3130200;11252
3130309;6845
3130408;7291
3130507;13171
3130556;7208
3130606;7510
3130655;6379
3130705;6309
3130804;2633
3130903;23000
3131000;6435
3131109;7587
3131158;17554
3131208;20095
3131307;235445
3131406;3823
3131505;9299
3131604;7423
3131703;117747
3131802;10560
3131901;55877
3132008;4265
3132107;17521
3132206;14325
3132305;10549
3132404;96632
3132503;34137
3132602;3730
3132701;21296
3132800;2175
3132909;11062
3133006;15193
3133105;15684
3133204;11298
3133303;19354
3133402;14004
3133501;21462
3133600;13332
3133709;13603
3133758;14655
3133808;102500
3133907;5752
3134004;13982
3134103;6218
3134202;106397
3134301;6845
3134400;40011
3134509;4347
3134608;21214
3134707;11169
3134806;7663
3134905;26705
3135001;3173
3135050;39379
3135076;4306
3135100;73281
3135209;67087
3135308;4672
3135357;8357
3135407;6428
3135456;6124
3135506;12652
3135605;6460
3135704;6098
3135803;24509
3135902;5296
3136009;14084
3136108;4304
3136207;83360
3136306;48532
3136405;3891
3136504;10536
3136520;3993
3136553;4352
3136579;3607
3136603;6083
3136652;32726
3136702;565764
3136801;3815
3136900;11543
3136959;5929
3137007;14399
3137106;6672
3137205;53583
3137304;3285
3137403;13116
3137502;19507
3137536;9210
3137601;79981
3137700;21422
3137809;20950
3137908;3226
3138005;6042
3138104;7358
3138203;109884
3138302;3270
3138351;4387
3138401;52696
3138500;4775
3138609;17712
3138625;9087
3138658;8968
3138674;7195
3138682;6329
3138708;5731
3138807;18304
3138906;6579
3139003;38831
3139102;5341
3139201;17751
3139250;6096
3139300;19188
3139409;96545
3139508;20970
3139607;27358
3139706;7518
3139805;13119
3139904;14557
3140001;64058
3140100;4320
3140159;16546
3140209;3532
3140308;4761
3140407;3299
3140506;14461
3140530;8725
3140555;9458
3140605;3982
3140704;40239
3140803;14501
3140852;8975
3140902;19054
3141009;12238
3141108;39291
3141207;3907
3141306;4040
3141405;20492
3141504;5651
3141603;10609
3141702;5038
3141801;24191
3141900;3815
3142007;14029
3142106;9026
3142205;13922
3142254;4011
3142304;5291
3142403;7778
3142502;2196
3142601;8550
3142700;14160
3142809;20666
3142908;20577
3143005;13340
3143104;49354
3143153;4449
3143203;21301
3143302;434321
3143401;24933
3143450;6979
3143500;9364
3143609;2438
3143708;3174
3143807;7857
3143906;108161
3144003;28670
3144102;22527
3144201;2437
3144300;35554
3144359;6442
3144375;3626
3144409;4800
3144508;8390
3144607;25774
3144656;10915
3144672;3156
3144706;17807
3144805;119142
3144904;3731
3145000;15113
3145059;6780
3145109;16854
3145208;112910
3145307;27453
3145356;10501
3145372;4630
3145406;1986
3145455;5520
3145505;2616
3145604;40552
3145703;2062
3145802;3027
3145851;5076
3145877;8759
3145901;40411
3146008;33227
3146107;77601
3146206;5858
3146255;5085
3146305;17537
3146404;4273
3146503;8341
3146552;5634
3146602;1498
3146701;5742
3146750;6373
3146909;14207
3147006;98397
3147105;102033
3147204;22357
3147303;21005
3147402;24800
3147501;1617
3147600;15842
3147709;8696
3147808;2301
3147907;116530
3147956;4863
3148004;167870
3148103;93852
3148202;5735
3148301;8786
3148400;4429
3148509;8168
3148608;17843
3148707;24999
3148756;7559
3148806;3371
3148905;4232
3149002;2883
3149101;10924
3149150;10619
3149200;3404
3149309;64910
3149408;1854
3149507;3448
3149606;4258
3149705;12925
3149804;17830
3149903;21991
3149952;6647
3150000;3587
3150109;2854
3150158;8883
3150208;4056
3150307;4697
3150406;5175
3150505;8794
3150539;4845
3150570;7231
3150604;6884
3150703;5762
3150802;17360
3150901;6271
3151008;9451
3151107;11408
3151206;57543
3151305;11958
3151404;27734
3151503;37742
3151602;11484
3151701;16791
3151800;171533
3151909;8468
3152006;32305
3152105;59569
3152131;3807
3152170;11077
3152204;38668
3152303;10825
3152402;13751
3152501;160751
3152600;6755
3152709;9327
3152808;29578
3152907;8551
3153004;3673
3153103;4883
3153202;3493
3153301;3154
3153400;19177
3153509;8596
3153608;11940
3153707;3237
3153806;1800
3153905;16735
3154002;23882
3154101;11337
3154150;8170
3154200;11520
3154309;17612
3154408;4641
3154457;6890
3154507;8886
3154606;344828
3154705;4201
3154804;10626
3154903;12921
3155009;2542
3155108;4679
3155207;5479
3155306;5727
3155405;8689
3155504;15143
3155603;29123
3155702;15001
3155801;17856
3155900;5240
3156007;12815
3156106;5115
3156205;2363
3156304;9064
3156403;3440
3156452;4896
3156502;5572
3156601;10575
3156700;134286
3156809;14382
3156908;27891
3157005;41641
3157104;6164
3157203;31756
3157252;8737
3157278;3199
3157302;4262
3157336;8321
3157377;3944
3157401;4743
3157500;4067
3157609;3551
3157658;6059
3157708;16568
3157807;229483
3157906;16903
3158003;10716
3158102;4803
3158201;12898
3158300;6781
3158409;3553
3158508;7079
3158607;3819
3158706;2175
3158805;4265
3158904;9236
3158953;48286
3159001;5579
3159100;3507
3159209;8588
3159308;4836
3159357;6952
3159407;3344
3159506;5973
3159605;42320
3159704;3476
3159803;21745
3159902;17651
3160009;3881
3160108;4342
3160207;3979
3160306;10397
3160405;28358
3160454;6743
3160504;1853
3160603;2720
3160702;43392
3160801;4835
3160900;4133
3160959;5778
3161007;17771
3161056;3252
3161106;54239
3161205;6293
3161304;5857
3161403;4866
3161502;10517
3161601;3258
3161650;3175
3161700;7521
3161809;12192
3161908;12353
3162005;24480
3162104;43309
3162203;7912
3162252;4950
3162302;3000
3162401;24269
3162450;13467
3162500;94062
3162559;11614
3162575;5468
3162609;7139
3162658;4052
3162708;24604
3162807;15617
3162906;26478
3162922;36496
3162948;8084
3162955;27710
3163003;3861
3163102;4677
3163201;4242
3163300;3501
3163409;5492
3163508;6298
3163607;2834
3163706;46653
3163805;6430
3163904;4979
3164001;7194
3164100;5166
3164209;10553
3164308;7341
3164407;6694
3164431;3219
3164472;6386
3164506;10244
3164605;9355
3164704;74742
3164803;1248
3164902;2373
3165008;11517
3165107;6853
3165206;7089
3165305;6935
3165404;6462
3165503;5164
3165537;39327
3165552;10032
3165560;2441
3165578;6458
3165602;2319
3165701;7945
3165800;2137
3165909;4035
3166006;5584
3166105;3088
3166204;10640
3166303;7536
3166402;1864
3166501;3829
3166600;854
3166709;6936
3166808;12210
3166907;7802
3166956;4496
3167004;2035
3167103;22550
3167202;237931
3167301;2391
3167400;6336
3167509;3060
3167608;20339
3167707;5175
3167806;5733
3167905;4098
3168002;34392
3168051;3492
3168101;4212
3168200;1707
3168309;4368
3168408;15072
3168507;12634
3168606;142571
3168705;84087
3168804;8008
3168903;8172
3169000;16574
3169059;3899
3169109;7541
3169208;8699
3169307;78079
3169356;29927
3169406;57086
3169505;5973
3169604;26482
3169703;20650
3169802;5078
3169901;107222
3170008;11977
3170057;13423
3170107;354142
3170206;754954
3170305;2742
3170404;90724
3170438;3848
3170479;3360
3170503;10875
3170529;18291
3170578;5834
3170602;2206
3170651;4727
3170701;142802
3170750;7243
3170800;34639
3170909;19214
3171006;20433
3171030;7770
3171071;5257
3171105;3480
3171154;5034
3171204;136826
3171303;79221
3171402;3780
3171501;3069
3171600;11867
3171709;9142
3171808;10519
3171907;4530
3172004;40608
3172103;4473
3172202;2387
3200102;32446
3200136;10124
3200169;12559
3200201;30744
3200300;14373
3200359;7747
3200409;32584
3200508;7474
3200607;102410
3200706;11013
3200805;32694
3200904;45250
3201001;14079
3201100;10764
3201159;13642
3201209;198323
3201308;375485
3201407;39396
3201506;128622
3201605;28953
3201704;12448
3201803;5359
3201902;37972
3202009;6885
3202108;22670
3202207;18824
3202256;11467
3202306;31290
3202405;134944
3202454;27308
3202504;12261
3202553;9973
3202603;12793
3202652;14513
3202702;14065
3202801;43362
3202900;10984
3203007;30444
3203056;31232
3203106;12079
3203130;14391
3203163;11572
3203205;181912
3203304;13173
3203320;45418
3203346;18743
3203353;13014
3203403;25179
3203502;19752
3203601;5660
3203700;18811
3203809;14213
3203908;52084
3204005;19270
3204054;22048
3204104;24825
3204203;23682
3204252;6696
3204302;14647
3204351;20229
3204401;11479
3204500;13747
3204559;45062
3204609;23796
3204658;9008
3204708;34210
3204807;11373
3204906;133359
3204955;11271
3205002;572274
3205010;28453
3205036;20353
3205069;25168
3205101;78442
3205150;9298
3205176;14263
3205200;502899
3205309;342800
3300100;179120
3300159;11420
3300209;137773
3300225;12236
3300233;42442
3300258;32794
3300308;98501
3300407;181688
3300456;518263
3300506;29736
3300605;37172
3300704;238166
3300803;59837
3300902;15070
3300936;14325
3300951;9044
3301009;519011
3301108;19996
3301157;13403
3301207;17740
3301306;48563
3301405;21769
3301504;21444
3301603;11354
3301702;866347
3301801;12648
3301850;54300
3301876;29577
3301900;240040
3302007;123980
3302056;14517
3302106;23643
3302205;107246
3302254;32694
3302270;102149
3302304;7584
3302403;264138
3302452;5601
3302502;244092
3302601;43624
3302700;211986
3302809;18049
3302858;178803
3302908;28123
3303005;28411
3303104;15550
3303203;155544
3303302;516720
3303401;203328
3303500;843046
3303609;43656
3303708;44467
3303807;47614
3303856;31345
3303906;294983
3303955;25085
3304003;29054
3304102;17832
3304110;21064
3304128;14158
3304144;149093
3304151;23126
3304201;137612
3304300;59113
3304409;17950
3304508;9264
3304524;168099
3304557;6729894
3304607;10579
3304706;43686
3304755;47368
3304805;41197
3304904;960652
3305000;38708
3305109;466536
3305133;7315
3305158;22799
3305208;110556
3305307;7999
3305406;18289
3305505;95201
3305554;84737
3305604;22026
3305703;15690
3305752;32858
3305802;176692
3305901;10652
3306008;82300
3306107;71462
3306156;10559
3306206;35904
3306305;279898
3500105;35642
3500204;4478
3500303;32888
3500402;7470
3500501;18245
3500550;7407
3500600;2829
3500709;38879
3500758;6330
3500808;4556
3500907;3479
3501004;17156
3501103;3883
3501152;17591
3501202;3978
3501301;28250
3501400;4896
3501509;2923
3501608;246655
3501707;33757
3501806;5975
3501905;69717
3502002;4684
3502101;61473
3502200;24512
3502309;5766
3502408;4108
3502507;33223
3502606;4124
3502705;24886
3502754;22168
3502804;207775
3502903;33656
3503000;5526
3503109;7050
3503158;2355
3503208;252318
3503307;135331
3503356;2085
3503406;8280
3503505;3625
3503604;10257
3503703;7653
3503802;53157
3503901;89943
3503950;1873
3504008;104642
3504107;166043
3504206;13873
3504305;4519
3504404;11438
3504503;96098
3504602;28909
3504701;3963
3504800;9854
3504909;10109
3505005;3618
3505104;5659
3505203;32405
3505302;35159
3505351;5256
3505401;6922
3505500;126600
3505609;33181
3505708;330339
3505807;21900
3505906;59873
3506003;391740
3506102;78210
3506201;2642
3506300;11852
3506359;66873
3506409;7455
3506508;122988
3506607;30526
3506706;13135
3506805;11467
3506904;10688
3507001;63415
3507100;22501
3507159;3610
3507209;928
3507308;4823
3507407;14415
3507456;2787
3507506;150442
3507605;184634
3507704;5466
3507753;2605
3507803;26167
3507902;24423
3508009;20674
3508108;17597
3508207;4447
3508306;4362
3508405;48473
3508504;99678
3508603;32482
3508702;17266
3508801;16905
3508900;3745
3509007;98257
3509106;5585
3509205;97363
3509254;29257
3509304;9232
3509403;24217
3509452;6077
3509502;1185977
3509601;79663
3509700;47983
3509809;4991
3509908;12489
3509957;5049
3510005;30172
3510104;2951
3510153;6524
3510203;47403
3510302;23597
3510401;51318
3510500;141084
3510609;398462
3510708;11491
3510807;28786
3510906;2855
3511003;20418
3511102;119172
3511201;7105
3511300;13160
3511409;22076
3511508;46217
3511607;19588
3511706;15798
3511904;7087
3512001;18842
3512100;6781
3512209;29034
3512308;15381
3512407;25130
3512506;5498
3512605;4295
3512704;4285
3512803;61204
3512902;8968
3513009;287004
3513108;34252
3513207;9543
3513306;2129
3513405;76513
3513504;115082
3513603;22456
3513702;32622
3513801;404118
3513850;1641
3513900;11314
3514007;8958
3514106;24855
3514205;2250
3514304;8186
3514403;46664
3514502;12529
3514601;9719
3514700;6295
3514809;13162
3514908;18103
3514924;3189
3514957;2353
3515004;259323
3515103;68805
3515129;3062
3515152;20139
3515186;40681
3515194;4217
3515202;9655
3515301;2749
3515350;7928
3515400;16984
3515509;73286
3515608;6066
3515657;1689
3515707;185622
3515806;1492
3515905;2756
3516002;13171
3516101;3987
3516200;364331
3516309;171107
3516408;149786
3516507;2811
3516606;6435
3516705;43115
3516804;3235
3516853;4797
3516903;10449
3517000;10355
3517109;4173
3517208;11459
3517307;5606
3517406;40424
3517505;22316
3517604;17256
3517703;18790
3517802;7486
3517901;10542
3518008;1999
3518107;6531
3518206;31872
3518305;32436
3518404;121710
3518503;15268
3518602;38609
3518701;294973
3518800;1345364
3518859;7462
3518909;4276
3519006;9302
3519055;15596
3519071;247331
3519105;10633
3519204;6207
3519253;8257
3519303;33110
3519402;11934
3519501;6461
3519600;61908
3519709;77651
3519808;7969
3519907;7739
3520004;23430
3520103;26755
3520202;10904
3520301;29881
3520400;36329
3520426;13955
3520442;26240
3520509;267796
3520608;5191
3520707;4109
3520806;3671
3520905;13933
3521002;37999
3521101;6999
3521150;7037
3521200;4091
3521309;14691
3521408;22435
3521507;6946
3521606;7145
3521705;18258
3521804;25930
3521903;17420
3522000;3702
3522109;117435
3522158;3490
3522208;163928
3522307;163774
3522406;92324
3522505;241924
3522604;73919
3522653;4405
3522703;40464
3522802;14260
3522901;13984
3523008;4014
3523107;382521
3523206;45327
3523305;15762
3523404;126403
3523503;19427
3523602;16433
3523701;5861
3523800;8210
3523909;174561
3524006;74119
3524105;38451
3524204;6293
3524303;73467
3524402;249968
3524501;7878
3524600;16254
3524709;61801
3524808;50017
3524907;6575
3525003;121988
3525102;46868
3525201;39531
3525300;137323
3525409;3976
3525508;13095
3525607;4456
3525706;37859
3525805;4308
3525854;3123
3525904;460313
3526001;20878
3526100;17255
3526209;28007
3526308;5182
3526407;27009
3526506;9909
3526605;7328
3526704;101316
3526803;68395
3526902;300728
3527009;7147
3527108;76729
3527207;87370
3527256;1968
3527306;54111
3527405;20372
3527504;2419
3527603;12531
3527702;4751
3527801;4017
3527900;2699
3528007;17120
3528106;7587
3528205;4048
3528304;3212
3528403;51660
3528502;97399
3528601;10092
3528700;4627
3528809;12826
3528858;3392
3528908;3539
3529005;246627
3529104;1870
3529203;25299
3529302;80998
3529401;429380
3529500;6369
3529609;4697
3529658;1988
3529708;19655
3529807;11349
3529906;18679
3530003;3199
3530102;28737
3530201;16069
3530300;65485
3530409;4771
3530508;69324
3530607;468120
3530706;159735
3530805;95534
3530904;3815
3531001;1954
3531100;64519
3531209;8873
3531308;48725
3531407;22650
3531506;18363
3531605;4301
3531704;4205
3531803;67296
3531902;28561
3532009;14081
3532058;4079
3532108;3763
3532157;2699
3532207;5908
3532306;7134
3532405;18620
3532504;9921
3532603;9944
3532702;4860
3532801;6858
3532827;8631
3532843;2058
3532868;1074
3532900;9459
3533007;19725
3533106;2188
3533205;4795
3533254;4469
3533304;2838
3533403;64228
3533502;39435
3533601;7550
3533700;4412
3533809;2540
3533908;56701
3534005;4912
3534104;6180
3534203;6145
3534302;39193
3534401;756952
3534500;2504
3534609;32099
3534708;106877
3534757;10596
3534807;7901
3534906;15217
3535002;11689
3535101;9709
3535200;8994
3535309;19767
3535408;15214
3535507;42087
3535606;17950
3535705;6211
3535804;19799
3535903;4111
3536000;10729
3536109;7382
3536208;19576
3536257;3001
3536307;14837
3536406;8200
3536505;115690
3536570;2146
3536604;7430
3536703;46223
3536802;6718
3536901;2848
3537008;15742
3537107;44332
3537156;2838
3537206;11539
3537305;63317
3537404;24389
3537503;8969
3537602;70543
3537701;5623
3537800;54237
3537909;28417
3538006;172027
3538105;14721
3538204;15605
3538303;3296
3538501;12570
3538600;26764
3538709;438827
3538808;30261
3538907;22743
3539004;11076
3539103;18836
3539202;26065
3539301;75475
3539400;15554
3539509;34416
3539608;4454
3539707;3061
3539806;106431
3539905;5696
3540002;20512
3540101;3443
3540200;38376
3540259;4196
3540309;2415
3540408;4185
3540507;10773
3540606;58345
3540705;53940
3540754;20767
3540804;18994
3540853;2599
3540903;17309
3541000;365577
3541059;5246
3541109;3841
3541208;14772
3541307;40383
3541406;234083
3541505;35902
3541604;35991
3541653;3472
3541703;13399
3541802;3351
3541901;9146
3542008;7225
3542107;9133
3542206;29305
3542305;4611
3542404;20565
3542503;7808
3542602;61732
3542701;6492
3542800;3166
3542909;11079
3543006;18930
3543105;4706
3543204;4768
3543238;2045
3543253;7570
3543303;118877
3543402;728400
3543501;5647
3543600;4158
3543709;9145
3543808;9357
3543907;208857
3544004;32267
3544103;45317
3544202;10453
3544251;17533
3544301;11095
3544400;2741
3544509;3965
3544608;5185
3544707;2519
3544806;6612
3544905;11654
3545001;15396
3545100;4883
3545159;8371
3545209;140125
3545308;45138
3545407;9212
3545506;3699
3545605;14203
3545704;6543
3545803;189338
3546009;14212
3546108;2677
3546207;4365
3546256;2162
3546306;29525
3546405;47677
3546504;6256
3546603;36098
3546702;24107
3546801;54586
3546900;7181
3547007;5314
3547106;3012
3547205;1698
3547304;162341
3547403;2790
3547502;25060
3547601;23725
3547650;1686
3547700;18045
3547809;778711
3547908;6917
3548005;23779
3548054;8568
3548104;6237
3548203;7294
3548302;3063
3548401;3933
3548500;429567
3548609;11948
3548708;840499
3548807;172109
3548906;265294
3549003;2629
3549102;95762
3549201;2622
3549250;1880
3549300;2288
3549409;49815
3549508;7690
3549607;3898
3549706;53416
3549805;501597
3549904;724756
3549953;16458
3550001;10497
3550100;38166
3550209;32904
3550308;11895578
3550407;39725
3550506;7333
3550605;81342
3550704;84019
3550803;10484
3550902;13590
3551009;338407
3551108;10632
3551207;3769
3551306;3187
3551405;13058
3551504;45408
3551603;30920
3551702;131600
3551801;12912
3551900;14724
3552007;6313
3552106;41405
3552205;757459
3552304;7466
3552403;289787
3552502;318765
3552551;3464
3552601;11499
3552700;14994
3552809;284274
3552908;6399
3553005;13006
3553104;5751
3553203;6733
3553302;21682
3553401;26021
3553500;8122
3553609;11936
3553658;2652
3553708;53322
3553807;24863
3553856;7112
3553906;6635
3553955;15248
3554003;128560
3554102;321298
3554201;4142
3554300;22559
3554409;7985
3554508;38690
3554607;2490
3554656;2063
3554706;9484
3554755;1719
3554805;53083
3554904;7013
3554953;6947
3555000;65416
3555109;16206
3555208;1839
3555307;1672
3555356;5456
3555406;96598
3555505;5265
3555604;10627
3555703;1628
3555802;8973
3555901;1419
3556008;14038
3556107;14531
3556206;131277
3556305;24723
3556354;10805
3556404;41226
3556453;52103
3556503;119576
3556602;10294
3556701;79235
3556800;17681
3556909;8327
3556958;1826
3557006;132849
3557105;100159
3557154;2761
3557204;12411
3557303;11566
4100103;7271
4100202;6327
4100301;10646
4100400;124788
4100459;3543
4100509;18750
4100608;14138
4100707;9802
4100806;10478
4100905;4736
4101002;20199
4101051;2965
4101101;20044
4101150;3332
4101200;18223
4101309;7071
4101408;134306
4101507;123863
4101606;26310
4101655;3573
4101705;14824
4101804;160038
4101853;2351
4101903;13643
4102000;38105
4102109;26145
4102208;4045
4102307;13871
4102406;31807
4102505;10692
4102604;9900
4102703;2866
4102752;4100
4102802;14998
4102901;15689
4103008;4622
4103024;2448
4103040;6244
4103057;8034
4103107;13804
4103156;4061
4103206;6677
4103222;3234
4103305;7824
4103354;4802
4103370;3828
4103404;2655
4103453;19844
4103479;4561
4103503;8921
4103602;23430
4103701;111009
4103800;9899
4103909;15979
4103958;3973
4104006;49971
4104055;4032
4104105;7666
4104204;142695
4104253;31555
4104303;103340
4104402;15255
4104428;15174
4104451;10799
4104501;21022
4104600;14796
4104659;24159
4104709;17567
4104808;364104
4104907;75291
4105003;10627
4105102;10936
4105201;16240
4105300;11251
4105409;21559
4105508;82359
4105607;11684
4105706;14975
4105805;240720
4105904;23278
4106001;8442
4106100;3486
4106209;19827
4106308;17862
4106407;45830
4106456;5516
4106506;23859
4106555;3780
4106571;4171
4106605;24622
4106704;4547
4106803;15910
4106852;2896
4106902;1829225
4107009;13802
4107108;5164
4107124;3170
4107157;4557
4107207;47014
4107256;9525
4107306;6484
4107405;6070
4107504;12431
4107520;1858
4107538;4729
4107546;4881
4107553;3023
4107603;16618
4107652;161506
4107702;4512
4107736;6387
4107751;8144
4107801;4825
4107850;4367
4107900;11226
4108007;11639
4108106;2704
4108205;7756
4108304;295500
4108320;8464
4108403;101302
4108452;4925
4108502;10861
4108551;2970
4108601;28970
4108650;6531
4108700;5586
4108809;32966
4108908;6733
4108957;7961
4109005;4792
4109104;2217
4109203;4762
4109302;13814
4109401;188710
4109500;7474
4109609;44323
4109658;4872
4109708;29440
4109757;6327
4109807;53054
4109906;9139
4110003;5599
4110052;2162
4110078;14815
4110102;30757
4110201;9633
4110300;2510
4110409;4531
4110508;14338
4110607;16062
4110656;2344
4110706;60796
4110805;10843
4110904;4532
4110953;11984
4111001;5874
4111100;6215
4111209;12766
4111258;32890
4111308;3620
4111407;13473
4111506;33529
4111555;6833
4111605;2705
4111704;5576
4111803;41400
4111902;15719
4112009;36231
4112108;21851
4112207;5835
4112306;5060
4112405;9354
4112504;12130
4112603;1353
4112702;11971
4112751;10860
4112801;12280
4112900;3366
4112959;7898
4113007;6795
4113106;4657
4113205;45857
4113254;5575
4113304;33103
4113403;3751
4113429;3989
4113452;5226
4113502;23813
4113601;4693
4113700;577318
4113734;6696
4113759;4902
4113809;4911
4113908;13655
4114005;13572
4114104;33752
4114203;38050
4114302;28761
4114351;2761
4114401;16764
4114500;14576
4114609;58140
4114708;5935
4114807;44098
4114906;8774
4115002;7409
4115101;9934
4115200;425983
4115309;6475
4115358;6767
4115408;16386
4115457;4521
4115507;4778
4115606;19022
4115705;41416
4115739;3237
4115754;9628
4115804;57120
4115853;6136
4115903;2258
4116000;2008
4116059;11301
4116109;11137
4116208;18908
4116307;4045
4116406;3685
4116505;1327
4116604;3299
4116703;14219
4116802;6799
4116901;27142
4116950;5744
4117008;7201
4117057;12287
4117107;13085
4117206;5960
4117214;4280
4117222;8535
4117255;13196
4117271;6870
4117297;3210
4117305;24627
4117404;3206
4117453;7031
4117503;48207
4117602;49891
4117701;34806
4117800;12967
4117909;36623
4118006;13634
4118105;9597
4118204;149819
4118303;2378
4118402;95525
4118451;5939
4118501;96602
4118600;5778
4118709;6369
4118808;13496
4118857;7496
4118907;12275
4119004;6235
4119103;14179
4119152;131199
4119202;6707
4119251;2819
4119301;30472
4119400;24000
4119509;124934
4119608;34513
4119657;3121
4119707;4123
4119806;14663
4119905;372562
4119954;32426
4120002;11438
4120101;4099
4120150;3078
4120200;3316
4120309;3549
4120333;3799
4120358;5833
4120408;4336
4120507;10121
4120606;50428
4120655;4170
4120705;8357
4120804;25109
4120853;4636
4120903;31405
4121000;10693
4121109;5060
4121208;18823
4121257;4293
4121307;3501
4121356;2638
4121406;19903
4121505;14754
4121604;6946
4121703;24851
4121752;6543
4121802;12770
4121901;13180
4122008;14214
4122107;3223
4122156;14234
4122172;3850
4122206;39307
4122305;31992
4122404;74935
4122503;11371
4122602;9240
4122651;5491
4122701;9320
4122800;4097
4122909;5267
4123006;15636
4123105;3386
4123204;3375
4123303;8806
4123402;11669
4123501;26341
4123600;1760
4123709;9059
4123808;14385
4123824;3657
4123857;9985
4123907;11034
4123956;3373
4124004;5628
4124020;13749
4124053;25055
4124103;45534
4124202;2496
4124301;2116
4124400;24644
4124509;6397
4124608;6712
4124707;10913
4124806;12230
4124905;5620
4125001;10700
4125100;13923
4125209;9550
4125308;5193
4125357;6659
4125407;6060
4125456;4030
4125506;345644
4125555;2173
4125605;43413
4125704;30198
4125753;5769
4125803;8611
4125902;2722
4126009;8100
4126108;5290
4126207;6784
4126256;125785
4126272;6342
4126306;17344
4126355;5138
4126405;5667
4126504;16183
4126603;23712
4126652;3495
4126678;10645
4126702;4979
4126801;16255
4126900;5813
4127007;9581
4127106;77182
4127205;18048
4127304;14989
4127403;18548
4127502;20304
4127601;18279
4127700;158620
4127809;8495
4127858;11197
4127882;6302
4127908;8095
4127957;8204
4127965;14443
4128005;25517
4128104;121972
4128203;56397
4128302;2121
4128401;10407
4128500;19430
4128534;9779
4128559;8227
4128609;8051
4128625;3077
4128633;5773
4128658;3842
4128708;10280
4128807;5851
4200051;2633
4200101;17736
4200200;11491
4200309;6394
4200408;6625
4200507;6128
4200556;2963
4200606;7082
4200705;10862
4200754;1860
4200804;5984
4200903;5472
4201000;8367
4201109;3726
4201208;12118
4201257;10020
4201273;4487
4201307;50178
4201406;75597
4201505;9188
4201604;3628
4201653;2600
4201703;8635
4201802;3270
4201901;7127
4201950;17215
4202008;148758
4202057;16360
4202073;17306
4202081;3243
4202099;1662
4202107;50730
4202131;5950
4202156;2709
4202206;10738
4202305;82028
4202404;380597
4202438;3618
4202453;27732
4202503;4028
4202537;2872
4202578;2234
4202602;8468
4202701;5623
4202800;35534
4202859;4203
4202875;2466
4202909;151949
4203006;75998
4203105;6431
4203154;3513
4203204;113525
4203253;2647
4203303;12815
4203402;7342
4203501;9838
4203600;38656
4203709;13413
4203808;56721
4203907;24176
4203956;24799
4204004;10938
4204103;4732
4204152;2860
4204178;3326
4204194;3036
4204202;275959
4204251;17912
4204301;85982
4204350;5099
4204400;10583
4204459;2028
4204509;15781
4204558;16163
4204608;225281
4204707;11208
4204756;2018
4204806;41512
4204905;8660
4205001;15294
4205100;4388
4205159;3719
4205175;3525
4205191;2349
4205209;5081
4205308;11486
4205357;1850
4205407;576361
4205431;2743
4205456;33929
4205506;34148
4205555;2442
4205605;3200
4205704;32962
4205803;19554
4205902;76982
4206009;17920
4206108;6397
4206207;12989
4206306;26082
4206405;11040
4206504;49941
4206603;4899
4206652;9267
4206702;22173
4206751;2055
4206801;3304
4206900;20663
4207007;62455
4207106;18197
4207205;12127
4207304;56107
4207403;6139
4207502;76333
4207577;2953
4207601;4635
4207650;9672
4207684;8046
4207700;8065
4207759;4005
4207809;10497
4207858;2100
4207908;10437
4208005;7310
4208104;22741
4208203;287289
4208302;83330
4208401;17149
4208450;34546
4208500;28042
4208609;4435
4208708;10813
4208807;21284
4208906;195753
4208955;1808
4209003;31509
4209102;654888
4209151;6307
4209177;2675
4209201;2296
4209300;171609
4209409;43992
4209458;1771
4209508;8427
4209607;14622
4209706;11605
4209805;3381
4209854;4611
4209904;13586
4210001;12126
4210035;5931
4210050;1800
4210100;57023
4210209;3258
4210308;7545
4210407;8213
4210506;30155
4210555;2219
4210605;17897
4210704;2795
4210803;7127
4210852;2554
4210902;4156
4211009;10216
4211058;9235
4211108;7787
4211207;19265
4211256;3085
4211306;93619
4211405;5408
4211454;4648
4211504;14252
4211603;13968
4211652;2670
4211702;24474
4211751;17780
4211801;7091
4211850;2203
4211876;1992
4211892;2228
4211900;245477
4212007;7709
4212056;2640
4212106;15812
4212205;19667
4212239;4376
4212254;14284
4212270;4032
4212304;9661
4212403;4343
4212502;36124
4212601;3039
4212650;10531
4212700;6942
4212809;29725
4212908;23379
4213005;3598
4213104;6053
4213153;3053
4213203;36392
4213302;4430
4213351;3249
4213401;10764
4213500;30590
4213609;33727
4213708;17836
4213807;8602
4213906;1711
4214003;21293
4214102;2345
4214151;3054
4214201;11359
4214300;3435
4214409;6386
4214508;6613
4214607;8008
4214706;11163
4214805;76390
4214904;5006
4215000;40168
4215059;2432
4215075;4835
4215109;13321
4215208;4757
4215307;7643
4215356;3633
4215406;4486
4215455;13567
4215505;15764
4215554;2473
4215604;2128
4215653;10288
4215679;8077
4215687;2562
4215695;1714
4215703;29392
4215752;2719
4215802;86851
4215901;2986
4216008;10460
4216057;6389
4216107;9356
4216206;55784
4216255;6446
4216305;34733
4216354;4732
4216404;9126
4216503;26852
4216602;289949
4216701;14491
4216800;8755
4216909;25770
4217006;14211
4217105;3501
4217154;1788
4217204;46969
4217253;6076
4217303;10680
4217402;21273
4217501;19241
4217550;3367
4217600;14087
4217709;31397
4217758;2894
4217808;18808
4217907;8189
4217956;2480
4218004;56674
4218103;5495
4218202;48903
4218251;7503
4218301;20373
4218350;3895
4218400;7585
4218509;9308
4218608;7532
4218707;115495
4218756;5054
4218806;13492
4218855;2801
4218905;11048
4218954;2735
4219002;21395
4219101;3716
4219150;2632
4219176;4615
4219200;6275
4219309;58299
4219358;5492
4219408;4451
4219507;54194
4219606;3627
4219705;33902
4219853;4170
4220000;17226
4300034;4253
4300059;4000
4300109;16346
4300208;6848
4300307;6228
4300406;74329
4300455;3711
4300471;2008
4300505;7243
4300554;1837
4300570;3143
4300604;194116
4300638;5394
4300646;7822
4300661;1157
4300703;6080
4300802;13328
4300851;4211
4300877;8794
4300901;6618
4301008;22490
4301057;11384
4301073;2651
4301107;14923
4301206;12296
4301305;17887
4301404;10545
4301503;7302
4301552;3460
4301602;121900
4301636;15371
4301651;6489
4301701;7313
4301750;5983
4301800;4920
4301859;3230
4301875;4337
4301909;12475
4301925;1724
4301958;2555
4302006;9442
4302055;2120
4302105;127775
4302154;1969
4302204;7125
4302220;2271
4302238;2315
4302253;2815
4302303;11431
4302352;13650
4302378;2134
4302402;12578
4302451;6215
4302501;5988
4302584;2195
4302600;3326
4302659;5079
4302709;19433
4302808;33508
4302907;11324
4303004;82250
4303103;141303
4303202;4694
4303301;4797
4303400;4933
4303509;63959
4303558;3056
4303608;6492
4303673;3311
4303707;6001
4303806;5390
4303905;64704
4304002;5068
4304101;3693
4304200;29783
4304309;6421
4304358;10992
4304408;50613
4304507;50998
4304606;359554
4304614;1687
4304622;1769
4304630;66012
4304655;3186
4304663;27389
4304671;4079
4304689;11416
4304697;2991
4304705;63638
4304713;7553
4304804;31528
4304853;1387
4304903;9689
4304952;3064
4305009;8840
4305108;479256
4305116;2779
4305124;5915
4305132;3865
4305157;2429
4305173;9343
4305207;14009
4305306;9748
4305355;36109
4305371;2807
4305405;3992
4305439;6405
4305447;4686
4305454;17538
4305504;4215
4305587;2474
4305603;3319
4305702;6539
4305801;10623
4305835;1311
4305850;2251
4305871;2892
4305900;6230
4305934;1638
4305959;3926
4305975;2719
4306007;13127
4306056;7454
4306072;2746
4306106;60486
4306130;1655
4306205;12571
4306304;4403
4306320;2797
4306353;2544
4306379;2859
4306403;31769
4306429;2133
4306452;3158
4306502;13291
4306551;2617
4306601;38094
4306700;3136
4306734;4542
4306759;1925
4306767;40954
4306809;23494
4306908;24280
4306924;1317
4306932;9364
4306957;2731
4306973;3121
4307005;109497
4307054;3097
4307104;6307
4307203;5029
4307302;6902
4307401;3264
4307450;3294
4307500;15478
4307559;5688
4307609;49440
4307708;78181
4307807;33243
4307815;3120
4307831;2685
4307864;2620
4307906;72477
4308003;6846
4308052;2572
4308078;4399
4308102;13979
4308201;31973
4308250;1694
4308300;9721
4308409;6533
4308433;2441
4308458;4569
4308508;33684
4308607;35522
4308656;2729
4308706;5780
4308805;7751
4308854;1783
4308904;16950
4309001;16282
4309050;7842
4309100;41621
4309126;2049
4309159;3356
4309209;275294
4309258;1442
4309308;95956
4309407;26138
4309506;7553
4309555;5524
4309571;2608
4309605;19246
4309654;6102
4309704;4774
4309753;3793
4309803;4618
4309902;6830
4309951;3793
4310009;22082
4310108;34763
4310207;87775
4310306;4245
4310330;27931
4310363;3148
4310405;6558
4310413;2049
4310439;5496
4310462;1750
4310504;7624
4310538;5706
4310553;3042
4310579;1967
4310603;36830
4310652;2695
4310702;3249
4310751;1964
4310801;23533
4310850;3850
4310876;2070
4310900;3401
4311007;27406
4311106;10779
4311122;3755
4311130;3414
4311155;7305
4311205;18557
4311239;2287
4311254;5429
4311270;1779
4311304;28617
4311403;96651
4311429;2660
4311502;7294
4311601;4854
4311627;6409
4311643;1720
4311700;5864
4311718;4487
4311734;3201
4311759;6917
4311775;7588
4311791;2521
4311809;46656
4311908;4389
4311981;4003
4312005;1888
4312054;4050
4312104;4786
4312138;2610
4312153;4990
4312179;1833
4312203;4258
4312252;7661
4312302;4506
4312351;1530
4312377;3250
4312385;2609
4312401;66295
4312427;2815
4312443;3134
4312450;6169
4312476;6163
4312500;12346
4312609;4694
4312617;2938
4312625;1755
4312658;18314
4312674;1979
4312708;14056
4312757;3229
4312807;5086
4312906;9877
4312955;2088
4313003;3105
4313011;3134
4313037;4974
4313060;20539
4313086;2390
4313102;5683
4313201;23889
4313300;26587
4313334;2201
4313359;3543
4313375;30121
4313391;3636
4313409;235879
4313425;3246
4313441;2188
4313466;1678
4313490;4371
4313508;48929
4313607;3691
4313656;13170
4313706;34233
4313805;8032
4313904;45042
4313953;10438
4314001;7357
4314027;6635
4314035;4433
4314050;53555
4314068;4036
4314076;6154
4314100;214564
4314134;2188
4314159;8146
4314175;2100
4314209;7634
4314308;3819
4314407;336131
4314423;5470
4314456;3034
4314464;2299
4314472;3867
4314498;4637
4314506;11409
4314548;2784
4314555;2260
4314605;17792
4314704;10624
4314753;2222
4314779;3350
4314787;1604
4314803;35237
4314902;1389322
4315008;4424
4315057;2176
4315073;1585
4315107;10132
4315131;1773
4315149;3159
4315156;5430
4315172;2069
4315206;3814
4315305;23988
4315313;1579
4315321;2555
4315354;4000
4315404;9934
4315453;1828
4315503;15213
4315552;2874
4315602;198958
4315701;35666
4315750;4572
4315800;10644
4315909;6821
4315958;2332
4316006;21733
4316105;9972
4316204;5083
4316303;6698
4316402;37700
4316428;2529
4316436;2621
4316451;10373
4316477;2953
4316501;7182
4316600;16759
4316709;8275
4316733;1710
4316758;7067
4316808;138104
4316907;282244
4316956;6482
4316972;2658
4317004;7140
4317103;87296
4317202;79395
4317251;1531
4317301;31961
4317400;50331
4317509;79130
4317558;2134
4317608;44393
4317707;10493
4317756;2136
4317806;14196
4317905;15656
4317954;2395
4318002;61323
4318051;2808
4318101;17949
4318200;22373
4318309;60102
4318408;21421
4318424;4549
4318432;2707
4318440;2976
4318457;2403
4318465;1934
4318481;4551
4318499;2463
4318507;26245
4318606;6978
4318614;2440
4318622;4286
4318705;225669
4318804;43283
4318903;35858
4319000;21537
4319109;5589
4319125;2911
4319158;7196
4319208;5248
4319307;5948
4319356;3614
4319364;1791
4319372;3139
4319406;15870
4319505;24883
4319604;21575
4319703;3324
4319711;2255
4319737;2594
4319752;2306
4319802;8259
4319901;77898
4320008;136542
4320107;23356
4320206;12313
4320230;2753
4320263;6107
4320305;5220
4320321;2726
4320354;5422
4320404;17379
4320453;2093
4320503;5637
4320552;5988
4320578;1884
4320602;3467
4320651;2060
4320677;8698
4320701;14512
4320800;30936
4320859;4565
4320909;25201
4321006;10822
4321105;14938
4321204;54360
4321303;25968
4321329;3190
4321352;5319
4321402;14811
4321436;10569
4321451;33963
4321469;3352
4321477;5201
4321493;2598
4321501;43268
4321600;56296
4321626;2193
4321634;2638
4321667;11216
4321709;24420
4321808;25452
4321832;2814
4321857;4826
4321907;26284
4321956;7766
4322004;28414
4322103;5649
4322152;3739
4322186;1398
4322202;20345
4322251;5160
4322301;8536
4322327;3489
4322343;2028
4322350;1186
4322376;2052
4322400;120885
4322509;66110
4322525;3214
4322533;10080
4322541;6213
4322558;2047
4322608;70805
4322707;27638
4322806;24540
4322855;1852
4322905;4852
4323002;232113
4323101;4747
4323200;2832
4323309;3736
4323358;2122
4323408;4512
4323457;3935
4323507;2712
4323606;1624
4323705;2842
4323754;3318
4323770;3219
4323804;16907
5000203;17647
5000252;4648
5000609;41414
5000708;24741
5000807;7735
5000856;11203
5000906;9641
5001003;29446
5001102;48561
5001243;11085
5001508;8276
5001904;24004
5002001;10953
5002100;21965
5002159;8849
5002209;24761
5002308;11840
5002407;32406
5002605;13920
5002704;954537
5002803;5115
5002902;21549
5002951;33791
5003108;4893
5003157;14661
5003207;99107
5003256;28163
5003306;33390
5003454;14210
5003488;11470
5003504;5749
5003702;260640
5003751;11633
5003801;21388
5003900;3709
5004007;10777
5004106;10135
5004304;14017
5004403;8712
5004502;25075
5004601;19996
5004700;29613
5004809;8409
5004908;7425
5005004;24509
5005103;3620
5005152;7009
5005202;22290
5005251;7012
5005400;47558
5005608;26487
5005681;19937
5005707;52707
5005806;13412
5006002;23054
5006200;50610
5006259;4811
5006275;5777
5006309;42543
5006358;13323
5006408;6974
5006606;97577
5006903;12864
5007109;23996
5007208;39936
5007307;4933
5007406;20393
5007505;5407
5007554;7174
5007695;31694
5007703;11301
5007802;8593
5007901;49374
5007935;14822
5007950;11159
5007976;3730
5008008;18139
5008305;141435
5008404;6476
5100102;4990
5100201;31314
5100250;61291
5100300;17657
5100359;5875
5100409;13707
5100508;7717
5100607;11571
5100805;8692
5101001;3950
5101209;1006
5101258;14854
5101308;10747
5101407;26010
5101605;7204
5101704;29576
5101803;72694
5101852;7731
5101902;17496
5102504;91626
5102603;15713
5102637;50033
5102678;47831
5102686;9608
5102694;4480
5102702;27657
5102793;10324
5102850;7459
5103007;19374
5103056;9436
5103106;6428
5103205;32010
5103254;26090
5103304;18461
5103353;37541
5103361;3874
5103379;10398
5103403;682932
5103437;4967
5103452;6815
5103502;22479
5103601;7915
5103700;10564
5103809;3112
5103858;9181
5103908;6250
5103957;2899
5104104;31328
5104203;10532
5104500;2194
5104526;8409
5104542;8049
5104559;5161
5104609;12519
5104807;29560
5104906;7447
5105002;8076
5105101;35899
5105150;47800
5105176;10149
5105200;11620
5105234;4724
5105259;92256
5105309;2591
5105507;17384
5105580;11414
5105606;21415
5105622;27511
5105903;15753
5106000;5935
5106109;11658
5106158;14160
5106174;4467
5106182;6965
5106190;4431
5106208;3853
5106216;11771
5106224;61223
5106232;16314
5106240;12108
5106257;25486
5106265;6444
5106273;3307
5106281;7160
5106299;11989
5106307;28228
5106315;2040
5106372;18722
5106422;33599
5106455;3287
5106505;31269
5106653;7299
5106703;2076
5106752;54795
5106778;12524
5106802;5690
5106828;10167
5106851;3181
5107008;24587
5107040;92927
5107065;29820
5107107;17830
5107156;2062
5107180;10431
5107198;2697
5107206;4489
5107248;5677
5107263;2460
5107297;2780
5107305;14662
5107354;6168
5107404;4247
5107578;3527
5107602;259167
5107701;15236
5107743;2834
5107750;3679
5107768;3463
5107776;7720
5107792;4212
5107800;16795
5107859;14332
5107875;31499
5107883;1901
5107909;216029
5107925;120985
5107941;9908
5107958;112547
5108006;15272
5108055;10641
5108105;2977
5108204;4230
5108303;3897
5108352;2907
5108402;314627
5108501;13389
5108600;19827
5108808;4579
5108857;3678
5108907;5775
5108956;8451
5200050;21165
5200100;17638
5200134;21995
5200159;2297
5200175;4991
5200209;1856
5200258;240613
5200308;28009
5200506;1984
5200555;6375
5200605;10936
5200803;8597
5200829;3281
5200852;5281
5200902;2952
5201108;415847
5201207;921
5201306;18443
5201405;550925
5201454;3012
5201504;4452
5201603;3842
5201702;18604
5201801;12554
5202155;7182
5202353;2930
5202502;8515
5202601;3266
5202809;2963
5203104;3335
5203203;10738
5203302;36583
5203401;7824
5203500;24701
5203559;10828
5203575;3306
5203609;4149
5203807;5788
5203906;10831
5203939;2789
5203962;3154
5204003;7678
5204102;11789
5204201;1419
5204250;7801
5204300;14006
5204409;16655
5204508;104788
5204557;4735
5204607;3854
5204656;3758
5204706;12879
5204805;7711
5204854;8449
5204904;18258
5204953;3899
5205000;9937
5205059;2921
5205109;120789
5205208;5318
5205307;9721
5205406;22484
5205455;8265
5205471;13897
5205497;98963
5205513;26638
5205521;4153
5205703;2456
5205802;10714
5205901;9416
5206206;65705
5206305;3630
5206404;17445
5206503;3977
5206602;2955
5206701;3884
5206800;2755
5206909;1901
5207105;2023
5207253;6895
5207352;4087
5207402;11953
5207501;3224
5207535;7164
5207600;5878
5207808;10365
5207907;14156
5208004;120478
5208103;4681
5208152;3542
5208301;4440
5208400;14555
5208509;4986
5208608;77014
5208707;1494599
5208806;78754
5208905;24233
5209101;36777
5209150;4356
5209200;20588
5209291;2185
5209408;4106
5209457;2165
5209606;3360
5209705;29827
5209804;3514
5209903;10430
5209937;6061
5209952;17747
5210000;53629
5210109;26163
5210158;2964
5210208;36983
5210307;2540
5210406;46943
5210562;5088
5210604;4880
5210802;4328
5210901;21708
5211008;8125
5211206;26574
5211305;6142
5211404;7701
5211503;112289
5211602;2729
5211701;6360
5211800;46427
5211909;110404
5212006;2946
5212055;2124
5212105;7247
5212204;19901
5212253;1426
5212303;9035
5212501;218872
5212600;2618
5212709;8405
5212808;10815
5212907;2893
5212956;4033
5213004;10239
5213053;2633
5213087;26939
5213103;73781
5213400;1693
5213509;6613
5213707;8972
5213756;12957
5213772;3770
5213806;53640
5213855;2499
5213905;4655
5214002;15109
5214051;6223
5214101;3562
5214408;8330
5214507;33706
5214606;34466
5214705;2375
5214804;2130
5214838;13095
5214861;8375
5214879;3072
5214903;3053
5215009;9790
5215207;3568
5215231;107092
5215256;3723
5215306;16890
5215405;4108
5215504;7542
5215603;36692
5215652;3132
5215702;33749
5215801;2273
5215900;3939
5216007;2449
5216304;7470
5216403;10749
5216452;3000
5216809;9577
5216908;2288
5217104;25309
5217203;11913
5217302;27757
5217401;33494
5217609;110619
5217708;18685
5218003;45400
5218052;4225
5218102;3234
5218300;36060
5218391;3732
5218508;49986
5218607;12551
5218706;3938
5218789;3994
5218805;238025
5218904;20132
5219001;8063
5219100;6280
5219209;3016
5219258;5036
5219308;39481
5219357;3556
5219407;5842
5219456;2648
5219506;2837
5219605;3225
5219704;10818
5219712;4293
5219738;7873
5219753;74614
5219803;9581
5219902;6491
5220009;14757
5220058;1807
5220108;35031
5220157;4926
5220207;22079
5220264;4621
5220280;2190
5220405;17194
5220454;169849
5220504;8201
5220603;22939
5220686;5693
5220702;2973
5221007;4146
5221080;2685
5221197;8243
5221304;2970
5221403;150858
5221452;3106
5221502;4478
5221551;5130
5221577;2809
5221601;44150
5221700;13871
5221809;3667
5221858;213506
5221908;3768
5222005;15476
5222054;9077
5222203;4185
5222302;5982
5300108;2982818