code_muni;2023
1100015;21494
1100023;96833
1100031;5351
1100049;86887
1100056;15890
1100064;15663
1100072;7519
1100080;12627
1100098;29414
1100106;39387
1100114;50591
1100122;124333
1100130;30707
1100148;15679
1100155;35044
1100189;35079
1100205;460434
1100254;19327
1100262;3471
1100288;56406
1100296;7419
1100304;95832
1100320;20746
1100338;25444
1100346;13117
1100379;11479
1100403;16320
1100452;27992
1100502;7667
1100601;4150
1100700;8844
1100809;22310
1100908;3233
1100924;9324
1100940;14863
1101005;8001
1101104;8548
1101203;6466
1101302;9235
1101401;11548
1101435;6200
1101450;4125
1101468;2156
1101476;3076
1101484;5258
1101492;16286
1101500;12060
1101559;4256
1101609;8113
1101708;10725
1101757;7788
1101807;6479
1200013;14021
1200054;8100
1200104;26000
1200138;12917
1200179;10392
1200203;91888
1200252;18757
1200302;35426
1200328;9222
1200336;19294
1200344;11996
1200351;17093
1200385;16560
1200393;10735
1200401;364756
1200427;14938
1200435;6723
1200450;21454
1200500;41343
1200609;43467
1200708;18243
1200807;16693
1300029;15866
1300060;10819
1300086;9962
1300102;17194
1300144;20647
1300201;15314
1300300;41564
1300409;18834
1300508;31051
1300607;37648
1300631;20718
1300680;23785
1300706;35447
1300805;33080
1300839;13469
1300904;16869
1301001;28742
1301100;30792
1301159;19637
1301209;70616
1301308;23549
1301407;33170
1301506;17186
1301605;25871
1301654;13815
1301704;57473
1301803;24311
1301852;61163
1301902;103598
1301951;10937
1302009;10162
1302108;8858
1302207;10742
1302306;25172
1302405;45448
1302504;101883
1302553;17107
1302603;2063689
1302702;53914
1302801;15529
1302900;61204
1303007;20136
1303106;27062
1303205;15761
1303304;23818
1303403;96372
1303502;19373
1303536;30668
1303569;24936
1303601;14164
1303700;28211
1303809;51795
1303908;32967
1303957;11670
1304005;11559
1304062;66764
1304104;19599
1304203;73669
1304237;19247
1304260;14431
1304302;18631
1304401;23945
1400027;13927
1400050;21096
1400100;413486
1400159;13923
1400175;18682
1400209;20957
1400233;10656
1400282;10023
1400308;18095
1400407;13986
1400456;19305
1400472;32647
1400506;8858
1400605;7315
1400704;13751
1500107;158188
1500131;6136
1500206;59023
1500305;37765
1500347;18080
1500404;69377
1500503;34280
1500602;126279
1500701;28011
1500800;478778
1500859;31850
1500909;44573
1500958;23774
1501006;18290
1501105;31892
1501204;51641
1501253;4031
1501303;126650
1501402;1303403
1501451;18099
1501501;63567
1501576;18005
1501600;12622
1501709;123082
1501725;24718
1501758;6783
1501782;45712
1501808;106968
1501907;24383
1501956;19630
1502004;23981
1502103;134184
1502152;77079
1502202;70394
1502301;56506
1502400;192256
1502509;20757
1502608;12868
1502707;44617
1502756;26881
1502764;14036
1502772;19950
1502806;33903
1502855;14117
1502905;41262
1502939;58484
1502954;28192
1503002;8728
1503044;17898
1503077;24703
1503093;26362
1503101;31786
1503200;35797
1503309;64831
1503408;10325
1503457;30329
1503507;30955
1503606;123314
1503705;49754
1503754;24042
1503804;37707
1503903;50881
1504000;29569
1504059;34353
1504109;8115
1504208;266533
1504307;25971
1504406;26573
1504422;111785
1504455;27094
1504505;27881
1504604;27198
1504703;84094
1504752;23501
1504802;60012
1504901;45368
1504950;20478
1504976;13955
1505007;12806
1505031;33638
1505064;60732
1505106;52229
1505205;33844
1505304;68294
1505403;17855
1505437;32467
1505486;41097
1505494;6885
1505502;105550
1505536;267836
1505551;6931
1505601;8285
1505635;12832
1505650;18668
1505700;24984
1505809;62503
1505908;40597
1506005;35577
1506104;10851
1506112;11524
1506138;85597
1506161;18384
1506187;53143
1506195;35769
1506203;44772
1506302;24129
1506351;21087
1506401;7445
1506500;73019
1506559;20370
1506583;16548
1506609;24624
1506708;32413
1506807;331942
1506906;6116
1507003;27461
1507102;16666
1507151;21092
1507201;30599
1507300;65418
1507409;14894
1507458;24255
1507466;4430
1507474;20689
1507508;13664
1507607;52894
1507706;25643
1507755;5847
1507805;22576
1507904;24204
1507953;72493
1507961;10400
1507979;18782
1508001;67585
1508035;28595
1508050;15242
1508084;39550
1508100;91306
1508126;37972
1508159;43558
1508209;50832
1508308;58692
1508357;15607
1508407;52893
1600055;4673
1600105;7943
1600154;12847
1600204;10612
1600212;4461
1600238;6666
1600253;5599
1600279;35114
1600303;442933
1600402;21924
1600501;27482
1600535;17848
1600550;3803
1600600;107618
1600709;12945
1600808;11291
1700251;2576
1700301;4497
1700350;5147
1700400;6499
1700707;8802
1701002;10325
1701051;2876
1701101;4856
1701309;5290
1701903;5927
1702000;8133
1702109;171301
1702158;4310
1702208;31918
1702307;5550
1702406;10287
1702554;17484
1702703;3342
1702901;10262
1703008;7880
1703057;3407
1703073;4476
1703107;4846
1703206;4229
1703305;4038
1703602;1974
1703701;4725
1703800;10307
1703826;1961
1703842;8653
1703867;4007
1703883;2201
1703891;3318
1703909;4847
1704105;2131
1704600;1501
1705102;3117
1705508;34233
1705557;4756
1705607;3887
1706001;5331
1706100;6371
1706258;1470
1706506;5827
1707009;17739
1707108;7024
1707207;6327
1707306;4248
1707405;7530
1707553;3467
1707652;5211
1707702;7712
1708205;18881
1708254;3455
1708304;4738
1709005;12433
1709302;24775
1709500;85125
1709807;1590
1710508;6819
1710706;5172
1710904;3577
1711100;2404
1711506;3334
1711803;2243
1711902;15288
1711951;3516
1712009;3357
1712157;1626
1712405;2999
1712454;2717
1712504;4615
1712702;2748
1712801;3095
1713205;18566
1713304;12701
1713601;5694
1713700;2396
1713809;4872
1713957;3367
1714203;8754
1714302;4521
1714880;10367
1715002;3362
1715101;3969
1715150;1846
1715259;2230
1715507;1164
1715705;4798
1715754;6975
1716109;52360
1716208;10542
1716307;4043
1716505;14055
1716604;9317
1716653;4921
1716703;8941
1717008;4478
1717206;2282
1717503;7128
1717800;4220
1717909;7586
1718006;2866
1718204;64418
1718303;9044
1718402;3047
1718451;2193
1718501;3421
1718550;3960
1718659;1768
1718709;2738
1718758;4841
1718808;4215
1718840;3723
1718865;7216
1718881;2680
1718899;2219
1718907;4653
1719004;2781
1720002;2406
1720101;5654
1720150;1783
1720200;13241
1720259;2385
1720309;4100
1720499;4422
1720655;5108
1720804;10830
1720853;1577
1720903;14011
1720937;2021
1720978;2456
1721000;302692
1721109;7459
1721208;22615
1721257;1909
1721307;1874
1722081;10522
1722107;10517
2100055;106550
2100105;6144
2100154;12142
2100204;18467
2100303;23286
2100402;6447
2100436;24048
2100477;25710
2100501;11109
2100550;7170
2100600;37085
2100709;25322
2100808;13793
2100832;17519
2100873;11181
2100907;39052
2100956;25517
2101004;29472
2101103;11790
2101202;103711
2101251;16966
2101301;16290
2101350;5252
2101400;101767
2101509;18984
2101608;84532
2101707;65589
2101731;8460
2101772;11750
2101806;5469
2101905;19584
2101939;5840
2101970;7574
2102002;33100
2102036;28599
2102077;12212
2102101;34120
2102150;9218
2102200;29685
2102309;22455
2102325;55499
2102358;12918
2102374;9732
2102408;10121
2102507;16412
2102556;12301
2102606;19932
2102705;24303
2102754;11374
2102804;24062
2102903;24238
2103000;156973
2103109;10208
2103125;7094
2103158;12342
2103174;16267
2103208;81386
2103257;12878
2103307;114275
2103406;41658
2103505;40316
2103554;14915
2103604;59566
2103703;31558
2103752;14404
2103802;23053
2103901;10223
2104008;18311
2104057;33294
2104073;8048
2104081;10873
2104099;17719
2104107;12640
2104206;16976
2104305;10186
2104404;17206
2104503;10231
2104552;18411
2104602;13930
2104628;7063
2104651;10713
2104677;23128
2104701;6023
2104800;73872
2104909;10290
2105005;25680
2105104;24794
2105153;13974
2105203;10231
2105302;273110
2105351;13828
2105401;60440
2105427;22513
2105450;7471
2105476;17076
2105500;24709
2105609;14924
2105658;5146
2105708;44403
2105807;9506
2105906;14769
2105922;10572
2105948;8758
2105963;11411
2105989;7057
2106003;11297
2106102;11597
2106201;7161
2106300;13807
2106326;21149
2106359;7027
2106375;13761
2106409;17090
2106508;22034
2106607;32174
2106631;17432
2106672;8818
2106706;21030
2106755;23864
2106805;13978
2106904;27751
2107001;9106
2107100;18554
2107209;14176
2107258;5021
2107308;4320
2107357;14314
2107407;17919
2107456;13577
2107506;145643
2107605;21059
2107704;18274
2107803;31250
2107902;17220
2108009;18802
2108058;17056
2108108;20341
2108207;37050
2108256;24320
2108306;32511
2108405;11108
2108454;20479
2108504;31429
2108603;84621
2108702;21886
2108801;17714
2108900;17161
2109007;23903
2109056;5954
2109106;45155
2109205;11356
2109239;4696
2109270;17511
2109304;10549
2109403;13614
2109452;30839
2109502;22145
2109551;7420
2109601;38475
2109700;5568
2109759;6697
2109809;41561
2109908;85014
2110005;57635
2110039;24307
2110104;23957
2110203;37035
2110237;10567
2110278;13949
2110302;14304
2110401;18364
2110500;46395
2110609;26943
2110658;7992
2110708;34034
2110807;4402
2110856;9051
2110906;12064
2111003;18544
2111029;12251
2111052;9904
2111078;16889
2111102;25020
2111201;244579
2111250;6957
2111300;1037775
2111409;17818
2111508;38829
2111532;14338
2111573;5783
2111607;18672
2111631;5650
2111672;4544
2111706;19498
2111722;8784
2111748;10207
2111763;14700
2111789;10202
2111805;17074
2111904;10238
2111953;4985
2112001;8862
2112100;26484
2112209;174465
2112233;22484
2112274;5507
2112308;36251
2112407;37491
2112456;31638
2112506;53356
2112605;32812
2112704;43261
2112803;51442
2112852;10362
2112902;30805
2113009;30845
2114007;40801
2200053;6420
2200103;4940
2200202;17573
2200251;6819
2200277;4634
2200301;13479
2200400;47453
2200459;5322
2200509;17234
2200608;6827
2200707;9407
2200806;3152
2200905;5369
2200954;2690
2201002;4520
2201051;7452
2201101;10866
2201150;13272
2201176;3995
2201200;47938
2201309;3264
2201408;6640
2201507;26300
2201556;4091
2201572;3423
2201606;9929
2201705;5562
2201739;6220
2201770;6902
2201804;4078
2201903;28796
2201919;5636
2201929;5913
2201945;6545
2201960;8436
2201988;3904
2202000;19654
2202026;7434
2202059;10212
2202075;3108
2202083;7957
2202091;5503
2202109;4938
2202117;4616
2202133;6020
2202174;7419
2202208;45793
2202251;3414
2202307;19365
2202406;11100
2202455;3974
2202505;10318
2202539;5630
2202554;5033
2202604;19288
2202653;5496
2202703;28212
2202711;4911
2202729;6386
2202737;4117
2202752;6150
2202778;6994
2202802;4932
2202851;4250
2202901;27278
2203008;7356
2203107;10503
2203206;11270
2203230;4854
2203255;4413
2203271;5073
2203305;16352
2203354;7054
2203404;6320
2203420;4075
2203453;9159
2203503;13607
2203602;4377
2203701;40970
2203750;5284
2203800;4414
2203859;2333
2203909;62036
2204006;4505
2204105;4412
2204154;2929
2204204;8237
2204303;10259
2204352;5445
2204402;10892
2204501;10270
2204550;4276
2204600;3518
2204659;9274
2204709;14958
2204808;9420
2204907;7774
2205003;10790
2205102;10323
2205151;5613
2205201;17527
2205250;4180
2205276;4494
2205300;4497
2205359;2970
2205409;13886
2205458;5394
2205508;42559
2205516;5214
2205524;5388
2205532;4425
2205540;2939
2205557;8256
2205565;4995
2205573;6331
2205581;4810
2205599;4520
2205607;5213
2205706;30641
2205805;25375
2205854;8032
2205904;5209
2205953;8533
2206001;4724
2206050;5218
2206100;10641
2206209;32150
2206308;1318
2206357;6542
2206407;10255
2206506;7577
2206605;10660
2206654;4377
2206670;6425
2206696;9797
2206704;6665
2206720;10262
2206753;5228
2206803;8525
2206902;6097
2206951;2827
2207009;38161
2207108;2637
2207207;6382
2207306;4088
2207355;3000
2207405;4952
2207504;13264
2207553;3813
2207603;10103
2207702;162159
2207751;4135
2207777;5425
2207793;3880
2207801;21055
2207850;3628
2207900;37894
2207934;2458
2207959;4076
2208007;83090
2208106;11341
2208205;17613
2208304;28846
2208403;65538
2208502;12052
2208551;2364
2208601;3042
2208650;8738
2208700;8394
2208809;17133
2208858;4165
2208874;4055
2208908;6164
2209005;5801
2209104;5831
2209153;3435
2209203;6087
2209302;5336
2209351;4125
2209377;4650
2209401;5839
2209450;2138
2209500;3646
2209559;4358
2209609;2842
2209658;5572
2209708;5392
2209757;2947
2209807;4837
2209856;4242
2209872;5522
2209906;6114
2209955;4383
2209971;8186
2210003;21421
2210052;4841
2210102;3297
2210201;6597
2210300;6025
2210359;4410
2210375;2309
2210383;2269
2210391;2829
2210409;17554
2210508;13755
2210607;38934
2210623;3202
2210631;4446
2210656;9460
2210706;14350
2210805;13870
2210904;4141
2210938;6220
2210953;2949
2210979;2316
2211001;866300
2211100;46119
2211209;25203
2211308;22279
2211357;5055
2211407;4417
2211506;3185
2211605;2935
2211704;4059
2300101;10038
2300150;14027
2300200;65264
2300309;44962
2300408;14076
2300507;11369
2300606;6782
2300705;14155
2300754;42156
2300804;7245
2300903;12928
2301000;80645
2301109;75113
2301208;25553
2301257;11096
2301307;19783
2301406;11224
2301505;7429
2301604;21697
2301703;23714
2301802;5704
2301851;17195
2301901;75033
2301950;22392
2302008;19381
2302057;14567
2302107;35218
2302206;53114
2302305;32775
2302404;50411
2302503;51090
2302602;62326
2302701;25135
2302800;74174
2302909;17254
2303006;16377
2303105;17632
2303204;26320
2303303;17015
2303402;17210
2303501;72720
2303600;10243
2303659;10444
2303709;355679
2303808;22344
2303907;12462
2303931;12113
2303956;20163
2304004;20953
2304103;76390
2304202;131050
2304236;17481
2304251;29761
2304269;8932
2304277;6247
2304285;74170
2304301;18217
2304350;24173
2304400;2428708
2304459;17294
2304509;15657
2304608;6734
2304657;13801
2304707;53344
2304806;4841
2304905;10910
2304954;24325
2305001;42053
2305100;5654
2305209;17855
2305233;74755
2305266;11956
2305308;23965
2305332;11611
2305357;21433
2305407;62642
2305506;98064
2305605;24024
2305654;11575
2305704;12083
2305803;41081
2305902;36798
2306009;14001
2306108;23915
2306207;7536
2306256;64650
2306306;46426
2306405;131123
2306504;17841
2306553;42957
2306603;20424
2306702;17232
2306801;10356
2306900;33726
2307007;31701
2307106;27411
2307205;7861
2307254;25555
2307304;286120
2307403;23922
2307502;30802
2307601;59560
2307635;16896
2307650;234509
2307700;105093
2307809;25799
2307908;10846
2308005;37697
2308104;45561
2308203;15157
2308302;25900
2308351;14123
2308377;14196
2308401;36822
2308500;37735
2308609;17149
2308708;61443
2308807;8254
2308906;22753
2309003;13666
2309102;10569
2309201;15399
2309300;30699
2309409;27545
2309458;24493
2309508;19675
2309607;70983
2309706;81524
2309805;11186
2309904;6175
2310001;9346
2310100;10242
2310209;38980
2310258;32216
2310308;31445
2310407;10384
2310506;40187
2310605;8972
2310704;37813
2310803;15501
2310852;23391
2310902;16616
2310951;10606
2311009;12065
2311108;17050
2311207;8833
2311231;5974
2311264;20213
2311306;84168
2311355;15910
2311405;82177
2311504;20874
2311603;27214
2311702;18606
2311801;72928
2311900;13854
2311959;16633
2312007;30628
2312106;16954
2312205;40183
2312304;47640
2312403;54143
2312502;5855
2312601;10822
2312700;24266
2312809;7262
2312908;203023
2313005;18179
2313104;30652
2313203;24815
2313252;7529
2313302;61227
2313351;17154
2313401;81506
2313500;58415
2313559;15412
2313609;32767
2313708;6871
2313757;17470
2313807;20189
2313906;13746
2313955;18105
2314003;38984
2314102;59712
2400109;10597
2400208;56496
2400307;10839
2400406;2946
2400505;13640
2400604;4687
2400703;12484
2400802;11632
2400901;6577
2401008;35897
2401107;24093
2401206;13251
2401305;9730
2401404;8825
2401453;26913
2401503;3986
2401602;4807
2401651;2306
2401701;9952
2401800;12202
2401859;6293
2401909;3268
2402006;61146
2402105;10215
2402204;29668
2402303;19614
2402402;7992
2402501;9714
2402600;79115
2402709;11000
2402808;5117
2402907;4237
2403004;8005
2403103;41313
2403202;7044
2403251;252716
2403301;6016
2403400;5360
2403509;10620
2403608;61635
2403707;6259
2403756;2938
2403806;10196
2403905;2700
2404002;4122
2404101;2104
2404200;26741
2404309;11932
2404408;9924
2404507;15295
2404606;11615
2404705;14131
2404804;2035
2404853;7292
2404903;5320
2405009;7834
2405108;6562
2405207;4746
2405306;8591
2405405;5117
2405504;2437
2405603;13977
2405702;11655
2405801;33290
2405900;2076
2406007;5803
2406106;17793
2406155;3739
2406205;6513
2406304;7338
2406403;2567
2406502;15573
2406601;8319
2406700;9866
2406809;4787
2406908;3490
2407005;9070
2407104;82249
2407203;27369
2407252;3924
2407302;7896
2407401;8179
2407500;10255
2407609;4274
2407708;11444
2407807;23031
2407906;2276
2408003;264577
2408102;751300
2408201;31942
2408300;34204
2408409;3905
2408508;4913
2408607;3934
2408706;3579
2408805;4801
2408904;21499
2408953;10351
2409100;11102
2409209;3115
2409308;11007
2409332;4847
2409407;30479
2409506;3618
2409605;2441
2409704;6242
2409803;13824
2409902;12278
2410009;2965
2410108;12390
2410207;7601
2410256;5228
2410306;10743
2410405;9362
2410504;5432
2410603;2934
2410702;2701
2410801;4127
2410900;7389
2411007;4242
2411056;5382
2411106;3206
2411205;37313
2411403;12456
2411429;2696
2411502;22177
2411601;3304
2411700;3792
2411809;3492
2411908;4161
2412005;115838
2412104;5956
2412203;47286
2412302;11121
2412401;4558
2412500;23537
2412559;10221
2412609;16786
2412708;5776
2412807;7711
2412906;9972
2413003;6310
2413102;5807
2413201;4065
2413300;5703
2413359;13091
2413409;7597
2413508;6436
2413557;4659
2413607;5487
2413706;4654
2413805;2338
2413904;11422
2414001;13281
2414100;10262
2414159;5891
2414209;16929
2414308;2348
2414407;33035
2414456;3376
2414506;10078
2414605;13577
2414704;5233
2414753;3014
2414803;10735
2414902;1822
2415008;3174
2500106;9335
2500205;5003
2500304;26062
2500403;21013
2500502;13725
2500536;5578
2500577;2953
2500601;21730
2500700;17964
2500734;2234
2500775;7960
2500809;16646
2500908;12212
2501005;17189
2501104;22633
2501153;2005
2501203;7128
2501302;18705
2501351;4152
2501401;9224
2501500;23134
2501534;4762
2501575;8059
2501609;12904
2501708;5906
2501807;82742
2501906;16401
2502003;6268
2502052;3504
2502102;5207
2502151;6377
2502201;2286
2502300;4661
2502409;10252
2502508;17598
2502607;5648
2502706;4214
2502805;13613
2502904;5742
2503001;21193
2503100;5335
2503209;66519
2503308;9151
2503407;3291
2503506;16064
2503555;7223
2503605;6602
2503704;63239
2503753;2740
2503803;5753
2503902;6085
2504009;419379
2504033;6970
2504074;3944
2504108;2312
2504157;6889
2504207;4491
2504306;30661
2504355;5254
2504405;18260
2504504;6451
2504603;27605
2504702;4933
2504801;14683
2504850;1824
2504900;17095
2505006;7580
2505105;19719
2505204;6730
2505238;6251
2505279;5254
2505303;2292
2505352;4982
2505402;8067
2505501;3641
2505600;6299
2505709;10380
2505808;3327
2505907;3011
2506004;31231
2506103;11049
2506202;2846
2506251;8179
2506301;57484
2506400;13766
2506509;3242
2506608;5631
2506707;10392
2506806;17692
2506905;23182
2507002;23940
2507101;18382
2507200;10499
2507309;14477
2507408;7516
2507507;833932
2507606;7796
2507705;17007
2507804;6793
2507903;10012
2508000;9234
2508109;4415
2508208;7819
2508307;27730
2508406;3162
2508505;6877
2508554;4797
2508604;12560
2508703;3583
2508802;6046
2508901;44599
2509008;10434
2509057;8999
2509107;21512
2509156;6705
2509206;14139
2509305;8244
2509339;4571
2509370;2543
2509396;6433
2509404;13899
2509503;5812
2509602;4338
2509701;32277
2509800;8791
2509909;8945
2510006;7203
2510105;9724
2510204;5787
2510303;4259
2510402;6060
2510501;3580
2510600;2918
2510659;1720
2510709;2463
2510808;103165
2510907;11834
2511004;3739
2511103;6859
2511202;29662
2511301;16441
2511400;18333
2511509;12311
2511608;6815
2511707;5329
2511806;9340
2511905;16751
2512002;17469
2512036;3830
2512077;4006
2512101;32473
2512200;3915
2512309;21114
2512408;14277
2512507;47658
2512606;1743
2512705;17885
2512721;5766
2512747;2927
2512754;4690
2512762;4738
2512788;1955
2512804;8493
2512903;24581
2513000;3355
2513109;11505
2513158;7670
2513208;5947
2513307;5865
2513356;3227
2513406;14959
2513505;5010
2513604;6569
2513653;2539
2513703;149910
2513802;4402
2513851;2622
2513901;32235
2513927;4327
2513943;2585
2513968;2595
2513984;3137
2514008;4226
2514107;4263
2514206;7126
2514305;5034
2514404;4083
2514453;5891
2514503;19067
2514552;3416
2514602;3242
2514651;1699
2514701;4138
2514800;3411
2514909;7470
2515005;7066
2515104;11040
2515203;3279
2515302;51306
2515401;10291
2515500;13614
2515609;3094
2515708;2942
2515807;6828
2515906;4885
2515930;5054
2515971;8236
2516003;26774
2516102;13968
2516151;3345
2516201;67259
2516300;17166
2516409;8010
2516508;14068
2516607;14101
2516706;14631
2516755;2966
2516805;9892
2516904;14930
2517001;9124
2517100;2668
2517209;4864
2517407;2228
2600054;98462
2600104;40004
2600203;18674
2600302;23779
2600401;26461
2600500;41548
2600609;14033
2600708;35741
2600807;20674
2600906;18205
2601003;10238
2601052;19243
2601102;85088
2601201;77742
2601300;12263
2601409;40121
2601508;10561
2601607;18301
2601706;79507
2601805;11649
2601904;61794
2602001;34478
2602100;44103
2602209;37497
2602308;37316
2602407;9079
2602506;7720
2602605;48645
2602704;12808
2602803;52097
2602902;203440
2603009;30294
2603108;19899
2603207;28827
2603306;11080
2603405;5228
2603454;147771
2603504;17419
2603603;7750
2603702;24344
2603801;18415
2603900;18907
2603926;12239
2604007;79293
2604106;377911
2604155;13119
2604205;32156
2604304;10518
2604403;12984
2604502;20546
2604601;24587
2604700;17131
2604809;10356
2604908;15859
2605004;23518
2605103;37245
2605152;17188
2605202;59872
2605301;31843
2605400;21427
2605459;3167
2605509;15026
2605608;20347
2605707;30069
2605806;13672
2605905;18214
2606002;142526
2606101;28916
2606200;81055
2606309;6967
2606408;86516
2606507;17165
2606606;27346
2606705;7140
2606804;115196
2606903;11058
2607000;25740
2607109;4779
2607208;98932
2607307;29009
2607406;4352
2607505;31611
2607604;24540
2607653;34935
2607703;13791
2607752;27749
2607802;16554
2607901;644037
2607950;10247
2608008;15843
2608057;14020
2608107;27725
2608206;13269
2608255;11519
2608305;15329
2608404;13648
2608453;17981
2608503;19434
2608602;11984
2608701;14076
2608750;24088
2608800;39582
2608909;56510
2609006;23879
2609105;11284
2609154;25432
2609204;9359
2609303;14166
2609402;55292
2609501;30648
2609600;349976
2609709;21841
2609808;13613
2609907;65245
2610004;54584
2610103;7032
2610202;22991
2610301;12199
2610400;18612
2610509;28340
2610608;56665
2610707;342167
2610806;22795
2610905;62610
2611002;34161
2611101;386791
2611200;10500
2611309;25464
2611408;13857
2611507;17928
2611533;6554
2611606;1488920
2611705;20641
2611804;33507
2611903;20009
2612000;10887
2612109;5727
2612208;62372
2612307;13836
2612406;18624
2612455;13841
2612471;11567
2612505;98254
2612554;12106
2612604;40578
2612703;14013
2612802;10244
2612901;13113
2613008;49370
2613107;37126
2613206;23817
2613305;19854
2613404;18825
2613503;34843
2613602;31004
2613701;111249
2613800;16677
2613909;92228
2614006;18207
2614105;32729
2614204;37596
2614303;10540
2614402;5271
2614501;64183
2614600;27623
2614709;13738
2614808;23902
2614857;23561
2615003;24736
2615102;6653
2615201;8920
2615300;46147
2615409;41137
2615508;13867
2615607;30321
2615706;14705
2615805;25536
2615904;7985
2616001;16872
2616100;9169
2616183;7558
2616209;21959
2616308;26355
2616407;134084
2616506;11611
2700102;19174
2700201;13966
2700300;234696
2700409;37512
2700508;16365
2700607;7944
2700706;16774
2700805;4722
2700904;5787
2701001;21187
2701100;9603
2701209;10477
2701308;16359
2701357;6665
2701407;32106
2701506;8143
2701605;15376
2701704;14817
2701803;8999
2701902;5910
2702009;10810
2702108;15717
2702207;5581
2702306;50414
2702355;24686
2702405;51318
2702504;9721
2702553;15429
2702603;22712
2702702;3963
2702801;9618
2702900;36238
2703007;13731
2703106;24594
2703205;21721
2703304;15167
2703403;5083
2703502;5352
2703601;9219
2703700;4985
2703759;9470
2703809;17150
2703908;4092
2704005;23907
2704104;18457
2704203;24740
2704302;957916
2704401;17503
2704500;32174
2704609;9534
2704708;60370
2704807;13679
2704906;3155
2705002;21861
2705101;23857
2705200;15405
2705309;4845
2705408;7184
2705507;25187
2705606;10119
2705705;20715
2705804;8349
2705903;4306
2706000;10824
2706109;11446
2706208;4325
2706307;71574
2706406;23823
2706422;10573
2706448;13835
2706505;13804
2706604;6576
2706703;58593
2706802;15908
2706901;35370
2707008;2731
2707107;22609
2707206;12728
2707305;24071
2707404;9295
2707503;19846
2707602;11080
2707701;93927
2707800;6474
2707909;6919
2708006;46087
2708105;11323
2708204;6425
2708303;20813
2708402;30604
2708501;30873
2708600;51990
2708709;8482
2708808;31730
2708907;24278
2708956;12303
2709004;5796
2709103;19032
2709152;38053
2709202;23695
2709301;59280
2709400;23972
2800100;2170
2800209;20131
2800308;602757
2800407;10318
2800506;18081
2800605;41511
2800670;24636
2800704;7841
2801009;18149
2801108;3791
2801207;26834
2801306;31645
2801405;19939
2801504;13853
2801603;5391
2801702;17100
2801900;3824
2802007;4340
2802106;65078
2802205;6017
2802304;14530
2802403;11095
2802502;3037
2802601;5838
2802700;8321
2802809;16549
2802908;103440
2803005;40678
2803104;4745
2803203;34411
2803302;16209
2803401;13407
2803500;101579
2803609;23975
2803708;6838
2803807;3579
2803906;11533
2804003;15719
2804102;11050
2804201;14356
2804300;7822
2804409;16426
2804458;9232
2804508;41147
2804607;24996
2804706;6268
2804805;192330
2804904;12502
2805000;2778
2805109;7396
2805208;5677
2805307;7913
2805406;33439
2805505;21794
2805604;26576
2805703;26618
2805802;18313
2805901;8748
2806008;17033
2806107;9295
2806206;20279
2806305;13616
2806404;7346
2806503;3937
2806602;11092
2806701;95612
2806800;10327
2806909;3243
2807006;3434
2807105;42578
2807204;7834
2807303;3274
2807402;50905
2807501;12012
2807600;23917
2900108;7301
2900207;17639
2900306;13795
2900355;14201
2900405;14497
2900504;10604
2900603;4447
2900702;151055
2900801;24530
2900900;5218
2901007;36521
2901106;24138
2901155;15137
2901205;25438
2901304;13080
2901353;15012
2901403;13732
2901502;11031
2901601;14752
2901700;11146
2901809;10862
2901908;15922
2901957;6913
2902005;13936
2902054;11557
2902104;48294
2902203;9833
2902252;10191
2902302;8677
2902401;11179
2902500;13614
2902609;18220
2902658;11958
2902708;51092
2902807;26026
2902906;36539
2903003;13836
2903102;5775
2903201;159734
2903235;13453
2903276;15203
2903300;5833
2903409;20121
2903508;18412
2903607;15146
2903706;13690
2903805;16873
2903904;65550
2903953;9730
2904001;13622
2904050;15844
2904100;19322
2904209;11024
2904308;12943
2904407;9108
2904506;11765
2904605;70510
2904704;14804
2904753;19589
2904803;6205
2904852;16559
2904902;29250
2905008;22462
2905107;10384
2905156;11266
2905206;52012
2905305;17466
2905404;17761
2905503;13080
2905602;22579
2905701;300372
2905800;30469
2905909;30671
2906006;71377
2906105;10225
2906204;24206
2906303;32683
2906402;7772
2906501;72382
2906600;13016
2906709;25247
2906808;37439
2906824;16105
2906857;10744
2906873;33235
2906899;9940
2906907;20580
2907004;8365
2907103;28869
2907202;72086
2907301;24712
2907400;3434
2907509;48148
2907558;8841
2907608;16348
2907707;10579
2907806;30749
2907905;17230
2908002;17333
2908101;19151
2908200;20800
2908309;15794
2908408;67825
2908507;35308
2908606;23654
2908705;17053
2908804;4333
2908903;26692
2909000;7546
2909109;13990
2909208;17056
2909307;32457
2909406;13063
2909505;4415
2909604;19729
2909703;13993
2909802;60348
2909901;34180
2910008;10820
2910057;71485
2910107;11884
2910206;4407
2910305;7808
2910404;19107
2910503;38098
2910602;32554
2910701;61456
2910727;113710
2910750;17896
2910776;5631
2910800;616272
2910859;17897
2910909;4873
2911006;11059
2911105;25899
2911204;32178
2911253;4360
2911303;10884
2911402;15524
2911501;5555
2911600;20605
2911659;8050
2911709;87817
2911808;19049
2911857;12687
2911907;24607
2912004;10429
2912103;21665
2912202;20785
2912301;13934
2912400;16603
2912509;13863
2912608;3725
2912707;25344
2912806;8896
2912905;18792
2913002;14637
2913101;16969
2913200;26309
2913309;6190
2913408;15527
2913457;13151
2913507;21491
2913606;178649
2913705;33790
2913804;13709
2913903;40706
2914000;56876
2914109;9935
2914208;6101
2914307;10752
2914406;23879
2914505;28043
2914604;74507
2914653;28165
2914703;65073
2914802;186708
2914901;27704
2915007;13472
2915106;13803
2915205;15310
2915304;6347
2915353;12311
2915403;6037
2915502;18781
2915601;59605
2915700;7051
2915809;24394
2915908;5914
2916005;17813
2916104;19789
2916203;10341
2916302;9174
2916401;65897
2916500;31679
2916609;10279
2916708;8153
2916807;17052
2916856;15737
2916906;10999
2917003;33872
2917102;16617
2917201;17914
2917300;21902
2917334;11118
2917359;9275
2917409;14436
2917508;82590
2917607;45964
2917706;32703
2917805;17659
2917904;9285
2918001;158813
2918100;37626
2918209;13629
2918308;14355
2918357;24854
2918407;237821
2918456;9655
2918506;16354
2918555;5888
2918605;7379
2918704;4075
2918753;14105
2918803;21052
2918902;3845
2919009;3527
2919058;7494
2919108;9015
2919157;25736
2919207;203331
2919306;10774
2919405;11834
2919504;43903
2919553;107909
2919603;10454
2919702;21599
2919801;41859
2919900;7256
2919926;18504
2919959;6973
2920007;8731
2920106;17674
2920205;15398
2920304;8670
2920403;13860
2920452;13919
2920502;27620
2920601;35859
2920700;24527
2920809;9267
2920908;13544
2921005;42566
2921054;10330
2921104;22194
2921203;24661
2921302;11071
2921401;15734
2921450;10187
2921500;47780
2921609;7996
2921708;33594
2921807;11143
2921906;12137
2922003;37977
2922052;13152
2922102;17305
2922201;7190
2922250;10443
2922300;28707
2922409;20037
2922508;27060
2922607;12063
2922656;18523
2922706;13715
2922730;7967
2922755;6501
2922805;7780
2922854;7538
2922904;24236
2923001;39509
2923035;11162
2923050;11101
2923100;22633
2923209;20715
2923308;7716
2923357;19243
2923407;20078
2923506;10339
2923605;20351
2923704;29252
2923803;26604
2923902;9370
2924009;112870
2924058;13243
2924108;6235
2924207;13954
2924306;20086
2924405;35357
2924504;14731
2924603;19083
2924652;10325
2924678;10974
2924702;9171
2924801;17566
2924900;8022
2925006;23334
2925105;48293
2925204;32136
2925253;17938
2925303;168326
2925402;10274
2925501;35003
2925600;15130
2925709;12621
2925758;27734
2925808;25988
2925907;25272
2925931;9461
2925956;19662
2926004;40586
2926103;13651
2926202;21642
2926301;33386
2926400;30711
2926509;14064
2926608;53566
2926657;9740
2926707;13184
2926806;13146
2926905;10497
2927002;35362
2927101;10308
2927200;28282
2927309;14987
2927408;2417678
2927507;20952
2927606;14965
2927705;29185
2927804;4681
2927903;10300
2928000;37834
2928059;13896
2928109;38604
2928208;24755
2928307;8716
2928406;27390
2928505;10441
2928604;56012
2928703;103055
2928802;52276
2928901;32828
2928950;8426
2929008;11026
2929057;15194
2929107;20283
2929206;38733
2929255;18600
2929305;39513
2929354;5315
2929370;10187
2929404;10334
2929503;40958
2929602;17963
2929701;16008
2929750;11438
2929800;10478
2929909;46160
2930006;9360
2930105;74523
2930154;34222
2930204;38154
2930303;17066
2930402;17996
2930501;80435
2930600;13335
2930709;114559
2930758;13408
2930766;13786
2930774;25475
2930808;17054
2930907;11979
2931004;21006
2931053;17158
2931103;7717
2931202;18044
2931301;15818
2931350;145216
2931400;7110
2931509;21176
2931608;15332
2931707;10798
2931806;16277
2931905;48736
2932002;24665
2932101;18626
2932200;17596
2932309;16094
2932408;13432
2932457;13642
2932507;18131
2932606;15355
2932705;21420
2932804;16277
2932903;85655
2933000;24362
2933059;13800
2933109;8101
2933158;13377
2933174;9913
2933208;42529
2933257;6003
2933307;370879
2933406;9503
2933455;12968
2933505;24474
2933604;44757
3100104;6272
3100203;22675
3100302;13927
3100401;3909
3100500;8943
3100609;12589
3100708;2108
3100807;4357
3100906;18448
3101003;14037
3101102;25269
3101201;6233
3101300;2749
3101409;2952
3101508;30717
3101607;78970
3101631;6931
3101706;40364
3101805;6903
3101904;18300
3102001;13915
3102050;5795
3102100;10891
3102209;3975
3102308;15059
3102407;4159
3102506;4541
3102605;40553
3102704;9110
3102803;11927
3102852;7718
3102902;11095
3103009;9219
3103108;1538
3103207;2181
3103306;2049
3103405;34297
3103504;117808
3103603;2915
3103702;8048
3103751;8479
3103801;2631
3103900;9199
3104007;111691
3104106;9177
3104205;41416
3104304;13881
3104403;2688
3104452;4719
3104502;17272
3104601;14138
3104700;13736
3104809;4538
3104908;18366
3105004;7492
3105103;23546
3105202;4741
3105301;5943
3105400;30778
3105509;4964
3105608;125317
3105707;5666
3105905;20080
3106002;10167
3106101;3244
3106200;2315560
3106309;23928
3106408;8627
3106507;9826
3106606;4451
3106655;4201
3106705;411846
3106804;3361
3106903;13978
3107000;2383
3107109;39848
3107208;5348
3107307;48032
3107406;51737
3107505;6783
3107604;4474
3107703;5631
3107802;14536
3107901;12649
3108008;17151
3108107;7434
3108206;5528
3108255;10204
3108305;17404
3108404;14828
3108503;5790
3108552;15020
3108602;32025
3108701;4260
3108800;4441
3108909;14246
3109006;38915
3109105;10911
3109204;9150
3109253;4041
3109303;24030
3109402;23910
3109451;6627
3109501;11410
3109600;3693
3109709;11883
3109808;2315
3109907;11435
3110004;38776
3110103;5304
3110202;4088
3110301;14217
3110400;2838
3110509;26097
3110608;29536
3110707;12313
3110806;2923
3110905;15935
3111002;20696
3111101;18011
3111150;3714
3111200;52277
3111309;11377
3111408;8466
3111507;12979
3111606;26105
3111705;4715
3111804;10608
3111903;5272
3112000;14001
3112059;3974
3112109;5048
3112208;4362
3112307;39626
3112406;6562
3112505;10663
3112604;14655
3112653;4585
3112703;14108
3112802;10380
3112901;8936
3113008;19548
3113107;2933
3113206;23812
3113305;31240
3113404;87360
3113503;8512
3113602;6816
3113701;18615
3113800;2605
3113909;11547
3114006;11019
3114105;13797
3114204;23479
3114303;29011
3114402;20954
3114501;18003
3114550;9422
3114600;4049
3114709;3341
3114808;4422
3114907;2214
3115003;2712
3115102;17155
3115201;3560
3115300;66261
3115359;5473
3115409;3110
3115458;7030
3115474;4739
3115508;21056
3115607;1081
3115706;6171
3115805;10207
3115904;3075
3116001;6075
3116100;10337
3116159;12355
3116209;2800
3116308;5581
3116407;4658
3116506;7166
3116605;30159
3116704;7117
3116803;8163
3116902;2773
3117009;6660
3117108;10371
3117207;2772
3117306;28381
3117405;4409
3117504;23163
3117603;5415
3117702;12541
3117801;10880
3117836;7237
3117876;7350
3117900;11083
3118007;52890
3118106;4831
3118205;6694
3118304;131621
3118403;20824
3118502;1563
3118601;621863
3118700;9023
3118809;25377
3118908;7547
3119005;3200
3119104;23532
3119203;10884
3119302;28894
3119401;104736
3119500;8200
3119609;2762
3119708;3486
3119807;2960
3119906;4272
3119955;6133
3120003;2875
3120102;4245
3120151;5265
3120201;12197
3120300;5121
3120409;4667
3120508;10374
3120607;5434
3120706;3521
3120805;15362
3120839;3983
3120870;7406
3120904;80665
3121001;5465
3121100;7952
3121209;8393
3121258;10494
3121308;4928
3121407;7653
3121506;2994
3121605;47702
3121704;3549
3121803;6847
3121902;4226
3122009;20706
3122108;4178
3122207;6516
3122306;231091
3122355;6321
3122405;5851
3122454;10213
3122470;3697
3122504;4904
3122603;4899
3122702;5228
3122801;3095
3122900;6093
3123007;10007
3123106;5029
3123205;12630
3123304;4987
3123403;1461
3123502;1829
3123528;7817
3123601;26336
3123700;13622
3123809;6354
3123858;5179
3123908;14746
3124005;20255
3124104;85598
3124203;24102
3124302;30443
3124401;6611
3124500;11502
3124609;2186
3124708;2772
3124807;6840
3124906;10801
3125002;3875
3125101;53482
3125200;2578
3125309;3188
3125408;5133
3125507;3032
3125606;6489
3125705;13978
3125804;2789
3125903;9590
3125952;10445
3126000;8045
3126109;68248
3126208;7949
3126307;3477
3126406;3093
3126505;7366
3126604;4503
3126703;23476
3126752;5034
3126802;5640
3126901;8226
3126950;3391
3127008;14540
3127057;4345
3127073;4647
3127107;58588
3127206;4686
3127305;6222
3127339;4793
3127354;2928
3127370;2830
3127388;4053
3127404;4727
3127503;5230
3127602;11331
3127701;257171
3127800;13901
3127909;1392
3128006;32244
3128105;13772
3128204;9753
3128253;5051
3128303;19150
3128402;7714
3128501;3149
3128600;6539
3128709;50911
3128808;7131
3128907;8478
3129004;7778
3129103;5192
3129202;6134
3129301;12030
3129400;5198
3129509;22229
3129608;6286
3129657;5081
3129707;10948
3129806;170537
3129905;3365
3130002;2698
3130051;10677
3130101;45847
3130200;10830
3130309;6826
3130408;7003
3130507;12741
3130556;6986
3130606;7301
3130655;6346
3130705;6171
3130804;2580
3130903;22692
3131000;6239
3131109;7371
3131158;17136
3131208;19522
3131307;227731
3131406;3775
3131505;9135
3131604;7180
3131703;113343
3131802;10362
3131901;53365
3132008;4252
3132107;17208
3132206;13846
3132305;10463
3132404;93073
3132503;32948
3132602;3690
3132701;21042
3132800;2142
3132909;10770
3133006;14786
3133105;15236
3133204;11128
3133303;19151
3133402;13690
3133501;21046
3133600;12596
3133709;12966
3133758;14406
3133808;97669
3133907;5642
3134004;13745
3134103;6055
3134202;102217
3134301;6638
3134400;38295
3134509;4217
3134608;20406
3134707;11042
3134806;7495
3134905;25525
3135001;3092
3135050;37660
3135076;4296
3135100;70699
3135209;65150
3135308;4506
3135357;8127
3135407;6197
3135456;6100
3135506;12419
3135605;6484
3135704;5883
3135803;24007
3135902;5138
3136009;13888
3136108;4329
3136207;80187
3136306;46801
3136405;3854
3136504;10304
3136520;3969
3136553;4268
3136579;3630
3136603;5909
3136652;30716
3136702;540756
3136801;3768
3136900;11084
3136959;5789
3137007;14383
3137106;6631
3137205;51412
3137304;3313
3137403;12769
3137502;18904
3137536;8969
3137601;75145
3137700;20835
3137809;20414
3137908;3184
3138005;5963
3138104;7124
3138203;104761
3138302;3199
3138351;4341
3138401;51145
3138500;4737
3138609;17221
3138625;8687
3138658;8790
3138674;6956
3138682;6210
3138708;5586
3138807;17875
3138906;6487
3139003;37684
3139102;5191
3139201;17516
3139250;5997
3139300;18886
3139409;91886
3139508;20613
3139607;26535
3139706;7333
3139805;12721
3139904;14247
3140001;61387
3140100;4224
3140159;15900
3140209;3387
3140308;4592
3140407;3200
3140506;14003
3140530;8396
3140555;9112
3140605;3963
3140704;37841
3140803;14121
3140852;8895
3140902;18552
3141009;12038
3141108;37618
3141207;3814
3141306;3900
3141405;20156
3141504;5606
3141603;10373
3141702;5040
3141801;24405
3141900;3741
3142007;13651
3142106;8968
3142205;13633
3142254;3985
3142304;5125
3142403;7548
3142502;2169
3142601;8340
3142700;14060
3142809;20170
3142908;20328
3143005;13046
3143104;47692
3143153;4381
3143203;20890
3143302;414240
3143401;24089
3143450;6888
3143500;9067
3143609;2411
3143708;3133
3143807;7547
3143906;104108
3144003;27635
3144102;21891
3144201;2459
3144300;35038
3144359;6303
3144375;3520
3144409;4691
3144508;8179
3144607;25018
3144656;10588
3144672;3151
3144706;17438
3144805;111697
3144904;3663
3145000;14598
3145059;6706
3145109;16387
3145208;105552
3145307;26975
3145356;10275
3145372;4571
3145406;1945
3145455;5385
3145505;2555
3145604;39262
3145703;2027
3145802;2969
3145851;4917
3145877;8437
3145901;38724
3146008;32094
3146107;74821
3146206;5757
3146255;5058
3146305;17334
3146404;4224
3146503;8142
3146552;5551
3146602;1474
3146701;5707
3146750;6301
3146909;13920
3147006;94023
3147105;97139
3147204;21723
3147303;20445
3147402;24107
3147501;1600
3147600;15515
3147709;8473
3147808;2233
3147907;111939
3147956;4837
3148004;159235
3148103;89826
3148202;5576
3148301;8659
3148400;4389
3148509;8047
3148608;17446
3148707;24410
3148756;7320
3148806;3311
3148905;4112
3149002;2757
3149101;10760
3149150;10433
3149200;3344
3149309;62580
3149408;1810
3149507;3351
3149606;4155
3149705;12268
3149804;17151
3149903;21384
3149952;6553
3150000;3570
3150109;2796
3150158;8529
3150208;3976
3150307;4604
3150406;5019
3150505;8563
3150539;4706
3150570;7084
3150604;6700
3150703;5537
3150802;17018
3150901;6041
3151008;9120
3151107;11077
3151206;55606
3151305;11610
3151404;26685
3151503;36062
3151602;11145
3151701;16390
3151800;163742
3151909;8350
3152006;31047
3152105;57776
3152131;3747
3152170;10883
3152204;37438
3152303;10569
3152402;13666
3152501;152217
3152600;6566
3152709;9048
3152808;28342
3152907;8406
3153004;3559
3153103;4850
3153202;3465
3153301;3071
3153400;18765
3153509;8397
3153608;11466
3153707;3179
3153806;1770
3153905;16279
3154002;23423
3154101;11007
3154150;7848
3154200;11230
3154309;17226
3154408;4548
3154457;6863
3154507;8756
3154606;329794
3154705;4080
3154804;10261
3154903;12789
3155009;2484
3155108;4639
3155207;5429
3155306;5568
3155405;8518
3155504;14532
3155603;28271
3155702;14631
3155801;17443
3155900;5141
3156007;12641
3156106;4994
3156205;2291
3156304;8664
3156403;3386
3156452;4734
3156502;5679
3156601;10298
3156700;129380
3156809;14240
3156908;26670
3157005;40178
3157104;6110
3157203;30466
3157252;8458
3157278;3095
3157302;4208
3157336;8109
3157377;3910
3157401;4673
3157500;4039
3157609;3522
3157658;5938
3157708;15734
3157807;219132
3157906;16395
3158003;10485
3158102;4755
3158201;12788
3158300;6691
3158409;3489
3158508;7030
3158607;3747
3158706;2137
3158805;4214
3158904;8987
3158953;44800
3159001;5313
3159100;3469
3159209;8460
3159308;4755
3159357;6773
3159407;3301
3159506;5826
3159605;40635
3159704;3382
3159803;20973
3159902;17285
3160009;3769
3160108;4229
3160207;3915
3160306;10327
3160405;27295
3160454;6629
3160504;1808
3160603;2717
3160702;42406
3160801;4713
3160900;3989
3160959;5626
3161007;17392
3161056;3200
3161106;52762
3161205;6187
3161304;5732
3161403;4800
3161502;10282
3161601;3305
3161650;3143
3161700;7375
3161809;11770
3161908;11850
3162005;23959
3162104;40910
3162203;7652
3162252;4822
3162302;2914
3162401;23930
3162450;13024
3162500;90225
3162559;11246
3162575;5331
3162609;7070
3162658;3972
3162708;23910
3162807;15315
3162906;25565
3162922;34348
3162948;7793
3162955;26315
3163003;3806
3163102;4536
3163201;4133
3163300;3464
3163409;5396
3163508;6197
3163607;2753
3163706;44798
3163805;6334
3163904;4885
3164001;7166
3164100;5103
3164209;10315
3164308;7129
3164407;6387
3164431;3113
3164472;6194
3164506;10079
3164605;8815
3164704;71796
3164803;1259
3164902;2300
3165008;11192
3165107;6740
3165206;6904
3165305;6804
3165404;6311
3165503;5104
3165537;36844
3165552;9917
3165560;2433
3165578;6206
3165602;2240
3165701;7716
3165800;2068
3165909;4008
3166006;5483
3166105;3067
3166204;10384
3166303;7345
3166402;1819
3166501;3792
3166600;833
3166709;6944
3166808;11801
3166907;7621
3166956;4399
3167004;1990
3167103;21952
3167202;227397
3167301;2323
3167400;6179
3167509;2947
3167608;19750
3167707;5137
3167806;5613
3167905;4014
3168002;33050
3168051;3387
3168101;4118
3168200;1690
3168309;4224
3168408;14709
3168507;12255
3168606;137418
3168705;81579
3168804;7744
3168903;7883
3169000;16185
3169059;3826
3169109;7214
3169208;8609
3169307;75485
3169356;28895
3169406;55255
3169505;5886
3169604;25470
3169703;20000
3169802;4935
3169901;103365
3170008;11708
3170057;13017
3170107;337836
3170206;713224
3170305;2684
3170404;86619
3170438;3828
3170479;3282
3170503;10600
3170529;17479
3170578;5780
3170602;2158
3170651;4633
3170701;136467
3170750;6969
3170800;33744
3170909;18840
3171006;19975
3171030;7672
3171071;5181
3171105;3411
3171154;4899
3171204;129021
3171303;76430
3171402;3700
3171501;3038
3171600;11804
3171709;8908
3171808;10314
3171907;4552
3172004;39160
3172103;4443
3172202;2356
3200102;30684
3200136;9711
3200169;12042
3200201;29177
3200300;13836
3200359;7434
3200409;29984
3200508;7223
3200607;94765
3200706;10540
3200805;30674
3200904;42498
3201001;13608
3201100;10254
3201159;12985
3201209;185786
3201308;353491
3201407;36930
3201506;120033
3201605;27458
3201704;11937
3201803;5083
3201902;35416
3202009;6596
3202108;21992
3202207;18014
3202256;11009
3202306;29358
3202405;124656
3202454;25380
3202504;11723
3202553;9520
3202603;12326
3202652;13710
3202702;13589
3202801;39832
3202900;10597
3203007;28590
3203056;28931
3203106;11575
3203130;14079
3203163;11094
3203205;166786
3203304;12770
3203320;41929
3203346;17641
3203353;12387
3203403;24475
3203502;18900
3203601;5466
3203700;18153
3203809;13745
3203908;49065
3204005;18893
3204054;21522
3204104;23915
3204203;22300
3204252;6497
3204302;13696
3204351;19274
3204401;11069
3204500;13106
3204559;41636
3204609;22808
3204658;8589
3204708;32252
3204807;10878
3204906;123752
3204955;10886
3205002;520653
3205010;26502
3205036;19563
3205069;23831
3205101;73423
3205150;8911
3205176;13728
3205200;467722
3205309;322869
3300100;167434
3300159;11034
3300209;129671
3300225;11828
3300233;40006
3300258;30986
3300308;92883
3300407;169894
3300456;483087
3300506;28102
3300605;35173
3300704;222161
3300803;56943
3300902;14616
3300936;13847
3300951;8741
3301009;483540
3301108;19390
3301157;12958
3301207;17198
3301306;46110
3301405;21104
3301504;20783
3301603;10980
3301702;808161
3301801;12242
3301850;51696
3301876;27920
3301900;224267
3302007;116841
3302056;14073
3302106;22919
3302205;101041
3302254;30908
3302270;96289
3302304;7336
3302403;246391
3302452;5415
3302502;228127
3302601;41220
3302700;197277
3302809;17502
3302858;167127
3302908;26582
3303005;26881
3303104;15074
3303203;146774
3303302;481749
3303401;189939
3303500;785867
3303609;41375
3303708;42063
3303807;45243
3303856;29619
3303906;278881
3303955;24298
3304003;27474
3304102;17288
3304110;20373
3304128;13682
3304144;140523
3304151;22393
3304201;129612
3304300;56276
3304409;17401
3304508;8954
3304524;156491
3304557;6211223
3304607;10232
3304706;41325
3304755;45059
3304805;38961
3304904;896744
3305000;36573
3305109;440962
3305133;7070
3305158;22080
3305208;104029
3305307;7750
3305406;17729
3305505;89559
3305554;80596
3305604;21352
3305703;15206
3305752;31086
3305802;165123
3305901;10302
3306008;78346
3306107;68088
3306156;10207
3306206;33976
3306305;261563
3500105;34687
3500204;4351
3500303;32072
3500402;7369
3500501;17930
3500550;7177
3500600;2780
3500709;37680
3500758;6141
3500808;4445
3500907;3451
3501004;16818
3501103;3841
3501152;17301
3501202;3915
3501301;27255
3501400;4808
3501509;2885
3501608;237240
3501707;33019
3501806;5870
3501905;68008
3502002;4589
3502101;59783
3502200;24022
3502309;5674
3502408;4023
3502507;32569
3502606;4086
3502705;24585
3502754;21522
3502804;200124
3502903;32443
3503000;5420
3503109;6885
3503158;2330
3503208;242228
3503307;130866
3503356;2044
3503406;8130
3503505;3577
3503604;10130
3503703;7602
3503802;51456
3503901;86678
3503950;1842
3504008;101409
3504107;158647
3504206;13692
3504305;4483
3504404;11263
3504503;92805
3504602;27260
3504701;3887
3504800;9596
3504909;9969
3505005;3531
3505104;5640
3505203;31595
3505302;34346
3505351;5179
3505401;6876
3505500;122485
3505609;32092
3505708;316473
3505807;21503
3505906;58402
3506003;379146
3506102;76373
3506201;2606
3506300;11607
3506359;64188
3506409;7319
3506508;118979
3506607;29683
3506706;12978
3506805;11259
3506904;10460
3507001;61081
3507100;22006
3507159;3555
3507209;907
3507308;4715
3507407;14226
3507456;2713
3507506;145155
3507605;176811
3507704;5356
3507753;2565
3507803;25201
3507902;23898
3508009;20250
3508108;17210
3508207;4356
3508306;4299
3508405;47011
3508504;96202
3508603;31564
3508702;17101
3508801;16654
3508900;3712
3509007;95032
3509106;5466
3509205;92689
3509254;28515
3509304;9133
3509403;23830
3509452;5954
3509502;1139047
3509601;77632
3509700;46974
3509809;4888
3509908;12289
3509957;4931
3510005;29449
3510104;2889
3510153;6283
3510203;46337
3510302;22866
3510401;50068
3510500;134873
3510609;386984
3510708;11345
3510807;28083
3510906;2799
3511003;19977
3511102;115791
3511201;7003
3511300;12618
3511409;21469
3511508;44695
3511607;19048
3511706;15535
3511904;6982
3512001;18486
3512100;6629
3512209;28101
3512308;15232
3512407;24514
3512506;5400
3512605;4280
3512704;4195
3512803;59773
3512902;8719
3513009;274413
3513108;33281
3513207;9272
3513306;2108
3513405;74961
3513504;112476
3513603;22110
3513702;31756
3513801;393237
3513850;1620
3513900;11158
3514007;8759
3514106;24510
3514205;2207
3514304;8096
3514403;45474
3514502;12328
3514601;9471
3514700;6205
3514809;13069
3514908;17699
3514924;3138
3514957;2323
3515004;250691
3515103;66970
3515129;3014
3515152;19566
3515186;39816
3515194;4157
3515202;9417
3515301;2703
3515350;7924
3515400;16641
3515509;71186
3515608;5942
3515657;1656
3515707;179198
3515806;1487
3515905;2733
3516002;12958
3516101;3851
3516200;352536
3516309;165139
3516408;144849
3516507;2763
3516606;6380
3516705;42110
3516804;3252
3516853;4702
3516903;10312
3517000;10232
3517109;4138
3517208;11239
3517307;5512
3517406;39279
3517505;21711
3517604;17071
3517703;18606
3517802;7441
3517901;10350
3518008;1968
3518107;6427
3518206;31043
3518305;31236
3518404;118044
3518503;15013
3518602;37498
3518701;287634
3518800;1291771
3518859;7320
3518909;4246
3519006;9125
3519055;15094
3519071;236641
3519105;10437
3519204;6131
3519253;8010
3519303;32178
3519402;11690
3519501;6385
3519600;60033
3519709;75605
3519808;7819
3519907;7619
3520004;23106
3520103;26212
3520202;10605
3520301;29115
3520400;34934
3520426;13419
3520442;25549
3520509;255748
3520608;5090
3520707;4035
3520806;3615
3520905;13712
3521002;36459
3521101;6831
3521150;6761
3521200;4046
3521309;14454
3521408;21967
3521507;6867
3521606;7085
3521705;17983
3521804;25180
3521903;16989
3522000;3618
3522109;112476
3522158;3422
3522208;158522
3522307;157790
3522406;89728
3522505;232297
3522604;72022
3522653;4306
3522703;39493
3522802;14085
3522901;13659
3523008;3979
3523107;369275
3523206;44438
3523305;15528
3523404;121590
3523503;19070
3523602;16148
3523701;5779
3523800;8046
3523909;168240
3524006;70616
3524105;37571
3524204;6221
3524303;71821
3524402;240275
3524501;7613
3524600;16097
3524709;59347
3524808;48776
3524907;6397
3525003;118045
3525102;45282
3525201;37535
3525300;133497
3525409;3863
3525508;12815
3525607;4371
3525706;36633
3525805;4254
3525854;3056
3525904;443221
3526001;20448
3526100;17154
3526209;27404
3526308;5083
3526407;26261
3526506;9689
3526605;7171
3526704;98161
3526803;66505
3526902;291869
3527009;7014
3527108;74779
3527207;84855
3527256;1950
3527306;51847
3527405;20061
3527504;2372
3527603;12265
3527702;4701
3527801;3981
3527900;2661
3528007;16829
3528106;7481
3528205;3963
3528304;3165
3528403;50027
3528502;93853
3528601;9871
3528700;4573
3528809;12673
3528858;3292
3528908;3513
3529005;237627
3529104;1860
3529203;24881
3529302;79033
3529401;418261
3529500;6159
3529609;4572
3529658;1952
3529708;19441
3529807;11230
3529906;18553
3530003;3126
3530102;27983
3530201;15917
3530300;63337
3530409;4669
3530508;67681
3530607;451505
3530706;153658
3530805;92558
3530904;3722
3531001;1937
3531100;61951
3531209;8627
3531308;47574
3531407;22280
3531506;18151
3531605;4222
3531704;4138
3531803;64662
3531902;27933
3532009;13720
3532058;4034
3532108;3737
3532157;2660
3532207;5713
3532306;6999
3532405;18217
3532504;9699
3532603;9852
3532702;4750
3532801;6693
3532827;8497
3532843;2032
3532868;1062
3532900;9311
3533007;19419
3533106;2156
3533205;4609
3533254;4412
3533304;2837
3533403;62019
3533502;38324
3533601;7391
3533700;4331
3533809;2512
3533908;55074
3534005;4771
3534104;6085
3534203;6024
3534302;38319
3534401;728615
3534500;2470
3534609;31272
3534708;103970
3534757;10294
3534807;7779
3534906;14877
3535002;11476
3535101;9650
3535200;8903
3535309;19594
3535408;14964
3535507;41120
3535606;17667
3535705;6099
3535804;19395
3535903;4031
3536000;10580
3536109;7153
3536208;19233
3536257;2892
3536307;14512
3536406;7955
3536505;110537
3536570;2090
3536604;7400
3536703;44827
3536802;6557
3536901;2787
3537008;15525
3537107;43112
3537156;2804
3537206;11281
3537305;61679
3537404;24095
3537503;8737
3537602;68352
3537701;5519
3537800;52970
3537909;27619
3538006;165428
3538105;14542
3538204;15224
3538303;3264
3538501;12490
3538600;26029
3538709;423323
3538808;29436
3538907;22431
3539004;10885
3539103;18370
3539202;25348
3539301;73545
3539400;15108
3539509;33674
3539608;4389
3539707;3025
3539806;103765
3539905;5592
3540002;20196
3540101;3395
3540200;37607
3540259;4127
3540309;2387
3540408;4127
3540507;10451
3540606;56497
3540705;52649
3540754;20392
3540804;18496
3540853;2578
3540903;17078
3541000;349935
3541059;5126
3541109;3804
3541208;14490
3541307;39505
3541406;225668
3541505;35201
3541604;35131
3541653;3405
3541703;13163
3541802;3265
3541901;9159
3542008;7038
3542107;8965
3542206;28588
3542305;4494
3542404;20145
3542503;7662
3542602;59947
3542701;6404
3542800;3132
3542909;10989
3543006;18627
3543105;4608
3543204;4677
3543238;2025
3543253;7450
3543303;115559
3543402;698642
3543501;5599
3543600;4049
3543709;9098
3543808;9259
3543907;201418
3544004;31328
3544103;44170
3544202;10309
3544251;17440
3544301;10832
3544400;2700
3544509;3833
3544608;5112
3544707;2474
3544806;6437
3544905;11411
3545001;15202
3545100;4808
3545159;8161
3545209;134319
3545308;43748
3545407;9050
3545506;3645
3545605;14018
3545704;6393
3545803;183347
3546009;13975
3546108;2598
3546207;4277
3546256;2116
3546306;28864
3546405;46442
3546504;6118
3546603;34794
3546702;23611
3546801;53174
3546900;7149
3547007;5243
3547106;2956
3547205;1670
3547304;154105
3547403;2733
3547502;24833
3547601;23411
3547650;1645
3547700;17963
3547809;748919
3547908;6775
3548005;23244
3548054;8379
3548104;6126
3548203;7133
3548302;3000
3548401;3899
3548500;418608
3548609;11674
3548708;810729
3548807;165655
3548906;254857
3549003;2602
3549102;92547
3549201;2580
3549250;1846
3549300;2242
3549409;48558
3549508;7626
3549607;3853
3549706;52205
3549805;480393
3549904;697054
3549953;16067
3550001;10337
3550100;37289
3550209;32039
3550308;11451999
3550407;38256
3550506;7217
3550605;79484
3550704;81595
3550803;10441
3550902;13442
3551009;329911
3551108;10369
3551207;3704
3551306;3130
3551405;12746
3551504;43909
3551603;29894
3551702;126887
3551801;12730
3551900;14576
3552007;6186
3552106;40122
3552205;723682
3552304;7355
3552403;279545
3552502;307429
3552551;3408
3552601;11323
3552700;14769
3552809;273542
3552908;6260
3553005;12669
3553104;5677
3553203;6548
3553302;21435
3553401;25265
3553500;7996
3553609;11816
3553658;2619
3553708;52260
3553807;24350
3553856;6876
3553906;6536
3553955;14882
3554003;123942
3554102;310739
3554201;4127
3554300;22173
3554409;7904
3554508;37663
3554607;2464
3554656;2046
3554706;9335
3554755;1682
3554805;51173
3554904;6804
3554953;6778
3555000;63928
3555109;15854
3555208;1818
3555307;1669
3555356;5365
3555406;92981
3555505;5132
3555604;10394
3555703;1603
3555802;8833
3555901;1387
3556008;13744
3556107;14098
3556206;126373
3556305;24241
3556354;10512
3556404;40133
3556453;50415
3556503;115771
3556602;10176
3556701;76540
3556800;17414
3556909;8109
3556958;1794
3557006;127923
3557105;96634
3557154;2692
3557204;12211
3557303;11295
4100103;7241
4100202;6256
4100301;10233
4100400;119825
4100459;3590
4100509;18742
4100608;13909
4100707;9727
4100806;10326
4100905;4762
4101002;19620
4101051;2918
4101101;19878
4101150;3235
4101200;18091
4101309;7018
4101408;130134
4101507;119138
4101606;25777
4101655;3527
4101705;14485
4101804;151666
4101853;2329
4101903;13797
4102000;36808
4102109;25475
4102208;3980
4102307;13395
4102406;31273
4102505;10795
4102604;9759
4102703;2814
4102752;4031
4102802;14833
4102901;15533
4103008;4558
4103024;2455
4103040;6170
4103057;7924
4103107;13299
4103156;3980
4103206;6581
4103222;3202
4103305;7735
4103354;4854
4103370;3708
4103404;2627
4103453;18997
4103479;4473
4103503;8710
4103602;23212
4103701;107208
4103800;9460
4103909;15723
4103958;3936
4104006;47825
4104055;4027
4104105;7508
4104204;136327
4104253;30160
4104303;99432
4104402;15244
4104428;14973
4104451;10922
4104501;20481
4104600;14648
4104659;23283
4104709;16905
4104808;348051
4104907;73075
4105003;10446
4105102;10832
4105201;16134
4105300;11087
4105409;21085
4105508;79527
4105607;11467
4105706;15070
4105805;232212
4105904;22896
4106001;8320
4106100;3461
4106209;19128
4106308;17470
4106407;45206
4106456;5649
4106506;23331
4106555;3760
4106571;4133
4106605;23831
4106704;4494
4106803;15978
4106852;2892
4106902;1773718
4107009;13647
4107108;5142
4107124;3171
4107157;4557
4107207;44869
4107256;9161
4107306;6327
4107405;5999
4107504;12454
4107520;1849
4107538;4575
4107546;4797
4107553;3039
4107603;16389
4107652;148873
4107702;4492
4107736;6255
4107751;8062
4107801;4792
4107850;4364
4107900;10458
4108007;11446
4108106;2652
4108205;7635
4108304;285415
4108320;8116
4108403;96666
4108452;4926
4108502;11062
4108551;2977
4108601;28437
4108650;6566
4108700;5641
4108809;32097
4108908;6587
4108957;7856
4109005;4626
4109104;2191
4109203;4748
4109302;13735
4109401;182093
4109500;7430
4109609;42062
4109658;4941
4109708;28830
4109757;6218
4109807;51603
4109906;8991
4110003;5338
4110052;2144
4110078;14249
4110102;29924
4110201;9670
4110300;2536
4110409;4448
4110508;14142
4110607;15746
4110656;2343
4110706;59250
4110805;10684
4110904;4481
4110953;11485
4111001;5908
4111100;6111
4111209;12344
4111258;31217
4111308;3572
4111407;13229
4111506;32720
4111555;6831
4111605;2708
4111704;5427
4111803;40375
4111902;15122
4112009;35141
4112108;21408
4112207;5870
4112306;4972
4112405;9144
4112504;12004
4112603;1343
4112702;11813
4112751;10506
4112801;11945
4112900;3333
4112959;7771
4113007;6690
4113106;4582
4113205;45003
4113254;5600
4113304;32227
4113403;3752
4113429;3938
4113452;5175
4113502;23225
4113601;4601
4113700;555965
4113734;6690
4113759;4872
4113809;4813
4113908;13428
4114005;13452
4114104;31457
4114203;36716
4114302;27439
4114351;2770
4114401;16603
4114500;14240
4114609;55836
4114708;5865
4114807;41851
4114906;8677
4115002;7253
4115101;9847
4115200;409657
4115309;6371
4115358;6555
4115408;15901
4115457;4515
4115507;4699
4115606;18450
4115705;39259
4115739;3267
4115754;9383
4115804;54369
4115853;5931
4115903;2238
4116000;1966
4116059;11064
4116109;11175
4116208;18309
4116307;3951
4116406;3669
4116505;1323
4116604;3280
4116703;13765
4116802;6790
4116901;26585
4116950;5597
4117008;7225
4117057;12074
4117107;12923
4117206;5833
4117214;4184
4117222;8322
4117255;12699
4117271;6848
4117297;3125
4117305;24192
4117404;3187
4117453;6785
4117503;45962
4117602;48247
4117701;33855
4117800;13033
4117909;35011
4118006;13245
4118105;9557
4118204;145829
4118303;2398
4118402;92001
4118451;5733
4118501;91836
4118600;5666
4118709;6343
4118808;13346
4118857;7189
4118907;11878
4119004;6221
4119103;13655
4119152;127019
4119202;6566
4119251;2761
4119301;29886
4119400;23651
4119509;118730
4119608;33678
4119657;3046
4119707;4070
4119806;14374
4119905;358371
4119954;30425
4120002;11624
4120101;4098
4120150;3110
4120200;3182
4120309;3562
4120333;3709
4120358;5737
4120408;4336
4120507;10082
4120606;49393
4120655;4201
4120705;8099
4120804;24191
4120853;4480
4120903;30738
4121000;10685
4121109;5001
4121208;18398
4121257;4221
4121307;3512
4121356;2618
4121406;19247
4121505;14514
4121604;6845
4121703;24573
4121752;6553
4121802;12364
4121901;13060
4122008;14025
4122107;3197
4122156;13929
4122172;3808
4122206;37558
4122305;31324
4122404;71670
4122503;11251
4122602;9097
4122651;5435
4122701;8822
4122800;4075
4122909;5192
4123006;15223
4123105;3394
4123204;3365
4123303;8613
4123402;11378
4123501;25492
4123600;1748
4123709;8912
4123808;14070
4123824;3644
4123857;10031
4123907;11066
4123956;3356
4124004;5514
4124020;13174
4124053;24262
4124103;44369
4124202;2493
4124301;2125
4124400;23673
4124509;6181
4124608;6587
4124707;10830
4124806;11886
4124905;5586
4125001;10667
4125100;13726
4125209;9378
4125308;5168
4125357;6504
4125407;6040
4125456;3957
4125506;329628
4125555;2138
4125605;42366
4125704;29122
4125753;5784
4125803;8690
4125902;2661
4126009;8063
4126108;5232
4126207;6695
4126256;118455
4126272;6108
4126306;17270
4126355;5007
4126405;5616
4126504;15930
4126603;22811
4126652;3440
4126678;10707
4126702;4880
4126801;15869
4126900;5745
4127007;9547
4127106;75042
4127205;17568
4127304;14842
4127403;18119
4127502;19961
4127601;17621
4127700;150470
4127809;8426
4127858;11135
4127882;6219
4127908;8067
4127957;8077
4127965;14231
4128005;24749
4128104;117095
4128203;55033
4128302;2136
4128401;10406
4128500;19188
4128534;9681
4128559;8215
4128609;7932
4128625;3055
4128633;5697
4128658;3811
4128708;9706
4128807;5798
4200051;2598
4200101;17392
4200200;10990
4200309;6055
4200408;6508
4200507;6036
4200556;2839
4200606;6743
4200705;10481
4200754;1856
4200804;5943
4200903;5358
4201000;8285
4201109;3593
4201208;11224
4201257;9811
4201273;4378
4201307;45283
4201406;71922
4201505;8834
4201604;3556
4201653;2510
4201703;8319
4201802;3227
4201901;6780
4201950;15820
4202008;139155
4202057;14912
4202073;15669
4202081;3144
4202099;1668
4202107;45369
4202131;5872
4202156;2658
4202206;10520
4202305;76773
4202404;361261
4202438;3515
4202453;25058
4202503;4026
4202537;2777
4202578;2187
4202602;8418
4202701;5363
4202800;33773
4202859;4026
4202875;2489
4202909;141385
4203006;73720
4203105;6304
4203154;3443
4203204;103074
4203253;2625
4203303;12501
4203402;7257
4203501;9623
4203600;36932
4203709;12821
4203808;55016
4203907;23314
4203956;23975
4204004;10566
4204103;4614
4204152;2805
4204178;3317
4204194;2950
4204202;254785
4204251;17240
4204301;81646
4204350;4781
4204400;10388
4204459;2065
4204509;15267
4204558;15727
4204608;214493
4204707;10953
4204756;1968
4204806;40045
4204905;8530
4205001;15008
4205100;4221
4205159;3637
4205175;3402
4205191;2269
4205209;4885
4205308;11192
4205357;1783
4205407;537211
4205431;2682
4205456;31431
4205506;33481
4205555;2411
4205605;3210
4205704;29959
4205803;18545
4205902;72570
4206009;16915
4206108;6277
4206207;12435
4206306;24543
4206405;10796
4206504;46711
4206603;4829
4206652;8425
4206702;21724
4206751;2008
4206801;3269
4206900;19862
4207007;59035
4207106;17046
4207205;11881
4207304;52579
4207403;5982
4207502;71549
4207577;2877
4207601;4578
4207650;9335
4207684;7730
4207700;7816
4207759;3986
4207809;10195
4207858;2069
4207908;10285
4208005;7067
4208104;22051
4208203;264054
4208302;75940
4208401;16638
4208450;30750
4208500;26525
4208609;4310
4208708;10624
4208807;20375
4208906;182660
4208955;1776
4209003;30146
4209102;616317
4209151;5985
4209177;2555
4209201;2248
4209300;164981
4209409;42785
4209458;1702
4209508;7932
4209607;14381
4209706;11472
4209805;3330
4209854;4549
4209904;12873
4210001;11684
4210035;5794
4210050;1778
4210100;55286
4210209;3214
4210308;7425
4210407;7815
4210506;28251
4210555;2184
4210605;17162
4210704;2761
4210803;7006
4210852;2511
4210902;4080
4211009;10066
4211058;9117
4211108;7736
4211207;18537
4211256;3010
4211306;86401
4211405;5155
4211454;4536
4211504;13727
4211603;13664
4211652;2643
4211702;23661
4211751;17312
4211801;7032
4211850;2181
4211876;1927
4211892;2215
4211900;222598
4212007;7605
4212056;2561
4212106;15626
4212205;19150
4212239;4267
4212254;12897
4212270;4034
4212304;9063
4212403;4245
4212502;33663
4212601;2992
4212650;10190
4212700;6716
4212809;27127
4212908;21972
4213005;3473
4213104;5769
4213153;2946
4213203;34289
4213302;4437
4213351;3210
4213401;10649
4213500;27688
4213609;32970
4213708;17123
4213807;8270
4213906;1689
4214003;20010
4214102;2301
4214151;2964
4214201;11022
4214300;3279
4214409;6253
4214508;6452
4214607;7747
4214706;10865
4214805;72587
4214904;4847
4215000;39261
4215059;2397
4215075;4768
4215109;12757
4215208;4823
4215307;7489
4215356;3632
4215406;4390
4215455;12882
4215505;15546
4215554;2425
4215604;2088
4215653;9792
4215679;8066
4215687;2576
4215695;1651
4215703;27272
4215752;2684
4215802;83277
4215901;2946
4216008;10282
4216057;6084
4216107;9226
4216206;52674
4216255;6295
4216305;32687
4216354;4463
4216404;8668
4216503;25939
4216602;270299
4216701;14167
4216800;8708
4216909;24791
4217006;13509
4217105;3405
4217154;1781
4217204;44330
4217253;5776
4217303;10265
4217402;20061
4217501;18620
4217550;3303
4217600;13714
4217709;29991
4217758;2832
4217808;18310
4217907;8143
4217956;2329
4218004;51592
4218103;5386
4218202;46099
4218251;7342
4218301;19746
4218350;3782
4218400;7362
4218509;8787
4218608;7274
4218707;110088
4218756;4916
4218806;13043
4218855;2774
4218905;10834
4218954;2656
4219002;20919
4219101;3634
4219150;2627
4219176;4576
4219200;6189
4219309;55466
4219358;5370
4219408;4255
4219507;51607
4219606;3653
4219705;31918
4219853;3930
4220000;15981
4300034;4170
4300059;3912
4300109;16041
4300208;6720
4300307;6123
4300406;72409
4300455;3651
4300471;1969
4300505;7117
4300554;1800
4300570;3072
4300604;187315
4300638;5310
4300646;7650
4300661;1135
4300703;5957
4300802;13045
4300851;4112
4300877;8525
4300901;6483
4301008;21958
4301057;11057
4301073;2599
4301107;14601
4301206;12058
4301305;17558
4301404;10322
4301503;7149
4301552;3396
4301602;117938
4301636;14955
4301651;6461
4301701;7144
4301750;5889
4301800;4831
4301859;3161
4301875;4241
4301909;12225
4301925;1696
4301958;2498
4302006;9296
4302055;2082
4302105;123151
4302154;1933
4302204;6966
4302220;2229
4302238;2271
4302253;2779
4302303;11202
4302352;13142
4302378;2096
4302402;12294
4302451;6243
4302501;5890
4302584;2151
4302600;3268
4302659;4966
4302709;19084
4302808;32515
4302907;11157
4303004;80070
4303103;136258
4303202;4603
4303301;4704
4303400;4836
4303509;62200
4303558;2981
4303608;6361
4303673;3242
4303707;5882
4303806;5284
4303905;62886
4304002;4975
4304101;3613
4304200;28906
4304309;6294
4304358;10710
4304408;48946
4304507;49680
4304606;347657
4304614;1656
4304622;1733
4304630;63594
4304655;3119
4304663;26487
4304671;3991
4304689;11159
4304697;2921
4304705;61804
4304713;7394
4304804;30420
4304853;1364
4304903;9465
4304952;3000
4305009;8674
4305108;463501
4305116;2728
4305124;5808
4305132;3802
4305157;2379
4305173;9178
4305207;13705
4305306;9540
4305355;35012
4305371;2768
4305405;3913
4305439;6262
4305447;4597
4305454;17071
4305504;4149
4305587;2423
4305603;3258
4305702;6406
4305801;10385
4305835;1290
4305850;2211
4305871;2822
4305900;6144
4305934;1607
4305959;3846
4305975;2667
4306007;12886
4306056;7299
4306072;2692
4306106;58913
4306130;1635
4306205;12295
4306304;4321
4306320;2751
4306353;2507
4306379;2806
4306403;30709
4306429;2090
4306452;3097
4306502;13051
4306551;2562
4306601;36981
4306700;3079
4306734;4470
4306759;1888
4306767;39559
4306809;22962
4306908;23819
4306924;1296
4306932;9164
4306957;2685
4306973;3054
4307005;105705
4307054;3034
4307104;6191
4307203;4930
4307302;6787
4307401;3195
4307450;3226
4307500;15173
4307559;5582
4307609;47924
4307708;76137
4307807;32183
4307815;3070
4307831;2633
4307864;2566
4307906;70286
4308003;6702
4308052;2520
4308078;4291
4308102;13764
4308201;30892
4308250;1668
4308300;9550
4308409;6413
4308433;2393
4308458;4477
4308508;32627
4308607;34335
4308656;2688
4308706;5665
4308805;7612
4308854;1744
4308904;16602
4309001;16013
4309050;7658
4309100;40134
4309126;2014
4309159;3305
4309209;265074
4309258;1417
4309308;92924
4309407;25268
4309506;7415
4309555;5378
4309571;2564
4309605;18851
4309654;5976
4309704;4681
4309753;3732
4309803;4527
4309902;6776
4309951;3723
4310009;21583
4310108;33321
4310207;84780
4310306;4157
4310330;26824
4310363;3080
4310405;6427
4310413;2014
4310439;5399
4310462;1720
4310504;7482
4310538;5572
4310553;2995
4310579;1937
4310603;35768
4310652;2638
4310702;3208
4310751;1929
4310801;22983
4310850;3779
4310876;2040
4310900;3338
4311007;26603
4311106;10579
4311122;3690
4311130;3349
4311155;7184
4311205;18226
4311239;2251
4311254;5341
4311270;1738
4311304;27659
4311403;92951
4311429;2601
4311502;7157
4311601;4781
4311627;6248
4311643;1683
4311700;5735
4311718;4425
4311734;3131
4311759;6801
4311775;7418
4311791;2470
4311809;45124
4311908;4320
4311981;3916
4312005;1858
4312054;3969
4312104;4698
4312138;2553
4312153;4859
4312179;1795
4312203;4189
4312252;7505
4312302;4427
4312351;1499
4312377;3180
4312385;2557
4312401;64322
4312427;2756
4312443;3071
4312450;6046
4312476;6029
4312500;12090
4312609;4601
4312617;2879
4312625;1721
4312658;17898
4312674;1932
4312708;13719
4312757;3163
4312807;4954
4312906;9649
4312955;2042
4313003;3044
4313011;3061
4313037;4865
4313060;20088
4313086;2343
4313102;5586
4313201;23300
4313300;25692
4313334;2163
4313359;3466
4313375;29024
4313391;3568
4313409;227646
4313425;3198
4313441;2146
4313466;1646
4313490;4272
4313508;47396
4313607;3631
4313656;12844
4313706;33216
4313805;7839
4313904;43515
4313953;10212
4314001;7194
4314027;6519
4314035;4319
4314050;52052
4314068;3983
4314076;6025
4314100;206215
4314134;2144
4314159;7978
4314175;2061
4314209;7484
4314308;3745
4314407;325685
4314423;5351
4314456;2959
4314464;2248
4314472;3805
4314498;4540
4314506;11214
4314548;2723
4314555;2260
4314605;17504
4314704;10406
4314753;2171
4314779;3296
4314787;1575
4314803;34071
4314902;1332833
4315008;4360
4315057;2142
4315073;1560
4315107;9938
4315131;1739
4315149;3077
4315156;5340
4315172;2025
4315206;3747
4315305;23500
4315313;1552
4315321;2507
4315354;3910
4315404;9738
4315453;1796
4315503;14939
4315552;2835
4315602;191900
4315701;34654
4315750;4473
4315800;10418
4315909;6654
4315958;2291
4316006;21253
4316105;9777
4316204;4991
4316303;6576
4316402;36630
4316428;2480
4316436;2575
4316451;10203
4316477;2877
4316501;6879
4316600;16399
4316709;8122
4316733;1674
4316758;6887
4316808;133246
4316907;271735
4316956;6340
4316972;2596
4317004;7024
4317103;84421
4317202;76963
4317251;1505
4317301;30983
4317400;48938
4317509;76917
4317558;2091
4317608;42947
4317707;10300
4317756;2089
4317806;13902
4317905;15320
4317954;2349
4318002;59676
4318051;2754
4318101;17618
4318200;21893
4318309;58487
4318408;21028
4318424;4461
4318432;2649
4318440;2912
4318457;2362
4318465;1902
4318481;4447
4318499;2406
4318507;25443
4318606;6834
4318614;2380
4318622;4172
4318705;217409
4318804;41989
4318903;34752
4319000;21084
4319109;5481
4319125;2860
4319158;7056
4319208;5118
4319307;5846
4319356;3548
4319364;1757
4319372;3070
4319406;15577
4319505;24428
4319604;21219
4319703;3264
4319711;2207
4319737;2543
4319752;2251
4319802;8097
4319901;75648
4320008;132107
4320107;22851
4320206;11950
4320230;2704
4320263;6009
4320305;5107
4320321;2673
4320354;5306
4320404;16961
4320453;1941
4320503;5541
4320552;5863
4320578;1830
4320602;3406
4320651;2028
4320677;8557
4320701;14226
4320800;29991
4320859;4461
4320909;24557
4321006;10592
4321105;14695
4321204;53240
4321303;25198
4321329;3119
4321352;5212
4321402;14497
4321436;10334
4321451;32797
4321469;3267
4321477;5129
4321493;2554
4321501;41751
4321600;54387
4321626;2152
4321634;2591
4321667;10962
4321709;23920
4321808;24916
4321832;2760
4321857;4716
4321907;25436
4321956;7556
4322004;27498
4322103;5542
4322152;3681
4322186;1374
4322202;20005
4322251;5029
4322301;8363
4322327;3419
4322343;1994
4322350;1170
4322376;1995
4322400;117210
4322509;64197
4322525;3150
4322533;9902
4322541;6058
4322558;2004
4322608;68763
4322707;26714
4322806;24021
4322855;1818
4322905;4766
4323002;224124
4323101;4665
4323200;2780
4323309;3646
4323358;2079
4323408;4413
4323457;3863
4323507;2660
4323606;1590
4323705;2783
4323754;3254
4323770;3098
4323804;16463
5000203;16741
5000252;4537
5000609;39325
5000708;24114
5000807;7653
5000856;10729
5000906;9303
5001003;27674
5001102;46803
5001243;10748
5001508;7940
5001904;23031
5002001;10712
5002100;21613
5002159;8567
5002209;23659
5002308;11579
5002407;30612
5002605;13583
5002704;898100
5002803;5036
5002902;20988
5002951;30993
5003108;4783
5003157;14289
5003207;96268
5003256;26037
5003306;32151
5003454;13663
5003488;11100
5003504;5578
5003702;243367
5003751;11386
5003801;20609
5003900;3539
5004007;10444
5004106;9940
5004304;13808
5004403;8404
5004502;24137
5004601;19423
5004700;27821
5004809;8148
5004908;7139
5005004;23981
5005103;3586
5005152;6729
5005202;21522
5005251;6799
5005400;45047
5005608;25536
5005681;19193
5005707;50457
5005806;13220
5006002;21822
5006200;48563
5006259;4721
5006275;5510
5006309;40957
5006358;12921
5006408;6941
5006606;92017
5006903;12859
5007109;23150
5007208;37601
5007307;4841
5007406;19818
5007505;5199
5007554;7027
5007695;29579
5007703;10994
5007802;8142
5007901;47118
5007935;14516
5007950;10808
5007976;3625
5008008;17652
5008305;132152
5008404;6336
5100102;5014
5100201;29219
5100250;58613
5100300;17193
5100359;5715
5100409;13052
5100508;8009
5100607;10904
5100805;8590
5101001;3795
5101209;1010
5101258;14786
5101308;10576
5101407;24626
5101605;7253
5101704;29403
5101803;69210
5101852;7280
5101902;17004
5102504;89681
5102603;15347
5102637;45899
5102678;44585
5102686;8822
5102694;4485
5102702;25858
5102793;10332
5102850;7506
5103007;18990
5103056;9593
5103106;6220
5103205;31370
5103254;25766
5103304;18238
5103353;35075
5103361;3760
5103379;11011
5103403;650877
5103437;4903
5103452;7014
5103502;21941
5103601;7872
5103700;10521
5103809;3187
5103858;8642
5103908;6037
5103957;2905
5104104;31024
5104203;10966
5104500;2213
5104526;7815
5104542;7539
5104559;5020
5104609;12236
5104807;28569
5104906;7426
5105002;8367
5105101;34906
5105150;45869
5105176;10213
5105200;11480
5105234;4790
5105259;83798
5105309;2509
5105507;16774
5105580;11396
5105606;20091
5105622;26785
5105903;15492
5106000;5956
5106109;12940
5106158;13635
5106174;4200
5106182;6670
5106190;4239
5106208;3932
5106216;11707
5106224;55839
5106232;16352
5106240;11530
5106257;24345
5106265;6520
5106273;3349
5106281;6919
5106299;11671
5106307;26423
5106315;2015
5106372;18066
5106422;32714
5106455;3166
5106505;31217
5106653;6932
5106703;2008
5106752;52018
5106778;12127
5106802;5593
5106828;10204
5106851;3224
5107008;23283
5107040;85146
5107065;26769
5107107;17849
5107156;2122
5107180;10089
5107198;2593
5107206;4535
5107248;5374
5107263;2519
5107297;2875
5107305;14911
5107354;5964
5107404;4191
5107578;3505
5107602;244911
5107701;15453
5107743;2661
5107750;3679
5107768;3276
5107776;7596
5107792;4099
5107800;15246
5107859;13621
5107875;28944
5107883;1800
5107909;196312
5107925;110635
5107941;9818
5107958;106434
5108006;14370
5108055;10616
5108105;3025
5108204;4164
5108303;3838
5108352;2904
5108402;300078
5108501;12800
5108600;19888
5108808;4590
5108857;3529
5108907;5846
5108956;8313
5200050;19128
5200100;17232
5200134;21568
5200159;2297
5200175;4954
5200209;1858
5200258;225693
5200308;27008
5200506;1973
5200555;6072
5200605;10306
5200803;8446
5200829;3268
5200852;5259
5200902;3007
5201108;398869
5201207;924
5201306;18503
5201405;527796
5201454;2907
5201504;4325
5201603;3799
5201702;18390
5201801;11890
5202155;7153
5202353;2946
5202502;8300
5202601;3284
5202809;2868
5203104;3351
5203203;10371
5203302;34445
5203401;7826
5203500;23958
5203559;10296
5203575;3299
5203609;3992
5203807;5695
5203906;10495
5203939;2732
5203962;3145
5204003;7560
5204102;11513
5204201;1405
5204250;7782
5204300;13774
5204409;16513
5204508;98622
5204557;4507
5204607;3755
5204656;3708
5204706;12510
5204805;7422
5204854;8081
5204904;18108
5204953;4005
5205000;9710
5205059;2985
5205109;114427
5205208;5184
5205307;9583
5205406;22046
5205455;8090
5205471;12870
5205497;91767
5205513;25016
5205521;4030
5205703;2454
5205802;10562
5205901;9164
5206206;62337
5206305;3504
5206404;17065
5206503;3883
5206602;2927
5206701;3770
5206800;2724
5206909;1902
5207105;2062
5207253;6956
5207352;4001
5207402;11747
5207501;3205
5207535;7070
5207600;5877
5207808;10419
5207907;13744
5208004;115901
5208103;4660
5208152;3456
5208301;4457
5208400;13967
5208509;4973
5208608;73707
5208707;1437366
5208806;71916
5208905;24071
5209101;35664
5209150;4390
5209200;19545
5209291;2188
5209408;4085
5209457;2161
5209606;3354
5209705;27742
5209804;3545
5209903;10584
5209937;5954
5209952;17061
5210000;52204
5210109;25548
5210158;2919
5210208;35684
5210307;2560
5210406;44734
5210562;4963
5210604;4904
5210802;4380
5210901;21087
5211008;8007
5211206;26113
5211305;6101
5211404;7736
5211503;107970
5211602;2693
5211701;6272
5211800;45223
5211909;105729
5212006;2924
5212055;2123
5212105;7159
5212204;19620
5212253;1390
5212303;8745
5212501;209129
5212600;2561
5212709;8124
5212808;10700
5212907;2758
5212956;4042
5213004;10304
5213053;2614
5213087;27075
5213103;70081
5213400;1685
5213509;6692
5213707;8756
5213756;12521
5213772;3779
5213806;51351
5213855;2456
5213905;4654
5214002;14750
5214051;6189
5214101;3564
5214408;8189
5214507;31932
5214606;34964
5214705;2337
5214804;2101
5214838;12815
5214861;8310
5214879;3010
5214903;3076
5215009;9481
5215207;3527
5215231;103804
5215256;3716
5215306;16399
5215405;4057
5215504;7200
5215603;34967
5215652;3132
5215702;31858
5215801;2259
5215900;3851
5216007;2455
5216304;7607
5216403;10659
5216452;2964
5216809;9573
5216908;2328
5217104;24883
5217203;11712
5217302;26690
5217401;32373
5217609;105031
5217708;18309
5218003;44317
5218052;4070
5218102;3280
5218300;34914
5218391;3649
5218508;48447
5218607;12165
5218706;3980
5218789;3864
5218805;225696
5218904;19788
5219001;7918
5219100;6149
5219209;3002
5219258;4951
5219308;38492
5219357;3538
5219407;5924
5219456;2689
5219506;2820
5219605;3293
5219704;10645
5219712;4267
5219738;7386
5219753;72127
5219803;9711
5219902;6378
5220009;14041
5220058;1774
5220108;33852
5220157;4837
5220207;21900
5220264;4464
5220280;2143
5220405;17020
5220454;155635
5220504;8027
5220603;22245
5220686;5742
5220702;2927
5221007;4026
5221080;2701
5221197;7944
5221304;2921
5221403;142431
5221452;3120
5221502;4480
5221551;4985
5221577;2798
5221601;42546
5221700;13729
5221809;3553
5221858;198861
5221908;3716
5222005;14956
5222054;8768
5222203;4215
5222302;5815
5300108;2817381