code_muni;2007
1100015;23857
1100023;82388
1100031;6575
1100049;76155
1100056;16290
1100064;17644
1100072;9476
1100080;13664
1100098;27867
1100106;39451
1100114;52453
1100122;107679
1100130;31475
1100148;17170
1100155;36040
1100189;32893
1100205;369345
1100254;22197
1100262;3174
1100288;48894
1100296;9264
1100304;66746
1100320;22622
1100338;21162
1100346;16485
1100379;11615
1100403;16758
1100452;33072
1100502;9648
1100601;5553
1100700;12455
1100809;16736
1100908;3624
1100924;7456
1100940;13857
1101005;11432
1101104;7905
1101203;10343
1101302;12086
1101401;12357
1101435;7750
1101450;4583
1101468;2358
1101476;3704
1101484;6286
1101492;15710
1101500;11757
1101559;4919
1101609;9952
1101708;13381
1101757;8751
1101807;8742
1200013;11520
1200054;5351
1200104;19065
1200138;6543
1200179;8446
1200203;73948
1200252;13434
1200302;31288
1200328;6059
1200336;13785
1200344;7148
1200351;13061
1200385;17258
1200393;8170
1200401;290639
1200427;12428
1200435;3948
1200450;18863
1200500;34230
1200609;32171
1200708;14314
1200807;13716
1300029;13010
1300060;8384
1300086;8152
1300102;13834
1300144;17451
1300201;13682
1300300;29907
1300409;24567
1300508;26645
1300607;29268
1300631;13809
1300680;13138
1300706;29818
1300805;31098
1300839;10547
1300904;11463
1301001;25110
1301100;31070
1301159;23023
1301209;65222
1301308;16025
1301407;29411
1301506;16438
1301605;19726
1301654;14102
1301704;38559
1301803;17177
1301852;32869
1301902;84676
1301951;8078
1302009;9141
1302108;5281
1302207;8658
1302306;17129
1302405;36909
1302504;82309
1302553;19164
1302603;1646602
1302702;44327
1302801;17507
1302900;47020
1303007;17553
1303106;29184
1303205;14630
1303304;18196
1303403;102044
1303502;18325
1303536;24360
1303569;24858
1303601;16921
1303700;29249
1303809;39129
1303908;30727
1303957;8731
1304005;8211
1304062;45293
1304104;19453
1304203;62920
1304237;19090
1304260;9859
1304302;15716
1304401;17184
1400027;7586
1400050;14386
1400100;249853
1400159;10231
1400175;11119
1400209;17981
1400233;7086
1400282;5863
1400308;12546
1400407;7118
1400456;8640
1400472;24466
1400506;5727
1400605;5720
1400704;7403
1500107;132222
1500131;6592
1500206;47923
1500305;31183
1500347;28658
1500404;52661
1500503;30903
1500602;92105
1500701;24942
1500800;484278
1500859;17787
1500909;37086
1500958;21239
1501006;18830
1501105;18580
1501204;26190
1501253;3812
1501303;84560
1501402;1408847
1501451;12707
1501501;43282
1501576;13145
1501600;11279
1501709;101728
1501725;18749
1501758;7444
1501782;47069
1501808;94458
1501907;22535
1501956;17649
1502004;18995
1502103;110323
1502152;23757
1502202;61350
1502301;50839
1502400;152126
1502509;19368
1502608;10981
1502707;45267
1502756;21422
1502764;10452
1502772;17769
1502806;25388
1502855;11928
1502905;33768
1502939;38150
1502954;28554
1503002;17253
1503044;14964
1503077;24619
1503093;27166
1503101;24384
1503200;33778
1503309;54673
1503408;9592
1503457;39563
1503507;29746
1503606;118194
1503705;42002
1503754;37073
1503804;51511
1503903;33775
1504000;23284
1504059;27614
1504109;7650
1504208;196468
1504307;28296
1504406;26651
1504422;93416
1504455;22624
1504505;17845
1504604;23258
1504703;63821
1504802;61350
1504901;28796
1504950;22447
1504976;14086
1505007;12103
1505031;21598
1505064;51645
1505106;46793
1505205;25420
1505304;55175
1505403;15152
1505437;20415
1505486;38365
1505494;7156
1505502;90819
1505536;133298
1505551;6466
1505601;7679
1505635;12707
1505650;17898
1505700;24276
1505809;45586
1505908;26489
1506005;26436
1506104;10463
1506112;12620
1506138;64583
1506161;16993
1506187;45016
1506195;32950
1506203;37066
1506302;17077
1506351;13714
1506401;5921
1506500;51763
1506559;18123
1506583;16012
1506609;22147
1506708;49053
1506807;274285
1506906;6007
1507003;24814
1507102;16179
1507151;21094
1507201;27094
1507300;59238
1507409;11913
1507458;24872
1507466;4715
1507474;18919
1507508;11673
1507607;42987
1507706;20500
1507755;5117
1507805;14302
1507904;21395
1507953;64281
1507961;9861
1507979;15316
1508001;47081
1508035;26129
1508050;16097
1508084;26513
1508100;89264
1508126;31881
1508159;35076
1508209;43847
1508308;53217
1508357;9693
1508407;38457
1600055;3772
1600105;7492
1600154;7332
1600204;8656
1600212;4320
1600238;5040
1600253;3439
1600279;37491
1600303;344153
1600402;13862
1600501;19181
1600535;13962
1600550;3353
1600600;92098
1600709;12395
1600808;10765
1700251;2245
1700301;3995
1700350;5701
1700400;7488
1700707;7976
1701002;9358
1701051;3169
1701101;4018
1701309;5469
1701903;5423
1702000;8989
1702109;115759
1702158;5000
1702208;25973
1702307;6839
1702406;10626
1702554;14800
1702703;3385
1702901;8917
1703008;10372
1703057;2711
1703073;3581
1703107;5155
1703206;4518
1703305;2710
1703602;2119
1703701;5295
1703800;8164
1703826;2171
1703842;7615
1703867;3562
1703883;2313
1703891;3314
1703909;4667
1704105;2386
1704600;1239
1705102;3680
1705508;29298
1705557;4878
1705607;4402
1706001;4887
1706100;6520
1706258;1264
1706506;5130
1707009;18584
1707108;6359
1707207;7060
1707306;4489
1707405;8134
1707553;3984
1707652;4820
1707702;7787
1708205;18225
1708254;2101
1708304;5221
1709005;11639
1709302;21669
1709500;71413
1709807;1698
1710508;6386
1710706;6074
1710904;3421
1711100;2989
1711506;3789
1711803;2141
1711902;8220
1711951;3179
1712009;2159
1712157;1590
1712405;3634
1712454;2784
1712504;4473
1712702;1737
1712801;3185
1713205;19683
1713304;11858
1713601;6387
1713700;1858
1713809;4542
1713957;2850
1714203;9090
1714302;4528
1714880;10518
1715002;3772
1715101;3754
1715150;1801
1715259;2419
1715507;1081
1715705;4689
1715754;8120
1716109;40290
1716208;10491
1716307;4767
1716505;10294
1716604;8750
1716653;4799
1716703;8759
1717008;4397
1717206;3014
1717503;6403
1717800;4529
1717909;6569
1718006;2830
1718204;45289
1718303;7060
1718402;3680
1718451;2165
1718501;3665
1718550;3691
1718659;1454
1718709;2092
1718758;6167
1718808;3672
1718840;3443
1718865;5610
1718881;2673
1718899;2260
1718907;4417
1719004;2297
1720002;2291
1720101;4447
1720150;1409
1720200;10221
1720259;3012
1720309;4244
1720499;4885
1720655;5098
1720804;9302
1720853;1667
1720903;14110
1720937;1916
1720978;2555
1721000;178386
1721109;6663
1721208;21334
1721257;1405
1721307;2007
1722081;9317
1722107;10856
2100055;97034
2100105;5651
2100154;11829
2100204;21349
2100303;21645
2100402;7365
2100436;22002
2100477;31992
2100501;10304
2100550;6168
2100600;35727
2100709;23941
2100808;12580
2100832;13216
2100873;9918
2100907;37655
2100956;27229
2101004;27753
2101103;14249
2101202;95124
2101251;14611
2101301;16026
2101350;5425
2101400;78845
2101509;16565
2101608;78718
2101707;47850
2101731;5717
2101772;8603
2101806;5387
2101905;20735
2101939;5972
2101970;7385
2102002;37659
2102036;23827
2102077;12825
2102101;31049
2102150;5803
2102200;25274
2102309;22279
2102325;61480
2102358;12596
2102374;8831
2102408;9982
2102507;12842
2102556;12246
2102606;18820
2102705;18827
2102754;10385
2102804;24442
2102903;20285
2103000;143197
2103109;9841
2103125;8776
2103158;7094
2103174;15127
2103208;67649
2103257;12407
2103307;110574
2103406;44031
2103505;35692
2103554;14063
2103604;60589
2103703;34018
2103752;11786
2103802;21479
2103901;10384
2104008;18569
2104057;26490
2104073;7648
2104081;8105
2104099;16882
2104107;11578
2104206;14486
2104305;10452
2104404;16444
2104503;9920
2104552;14086
2104602;15857
2104628;6884
2104651;11346
2104677;24012
2104701;6254
2104800;54135
2104909;12387
2105005;24275
2105104;24432
2105153;11697
2105203;10676
2105302;229671
2105351;13197
2105401;54573
2105427;25100
2105450;8255
2105476;14815
2105500;19928
2105609;15583
2105658;4014
2105708;42666
2105807;9616
2105906;14580
2105922;10225
2105948;7780
2105963;9015
2105989;6620
2106003;11365
2106102;10340
2106201;6672
2106300;14217
2106326;17537
2106359;6790
2106375;11887
2106409;13812
2106508;20422
2106607;28278
2106631;10576
2106672;7617
2106706;19445
2106755;17742
2106805;13786
2106904;27558
2107001;8828
2107100;17077
2107209;10003
2107258;4829
2107308;4892
2107357;17121
2107407;17361
2107456;12068
2107506;98175
2107605;18105
2107704;19453
2107803;34912
2107902;17085
2108009;17507
2108058;12799
2108108;16129
2108207;37984
2108256;21714
2108306;33473
2108405;12219
2108454;19017
2108504;30927
2108603;74123
2108702;21821
2108801;15043
2108900;15853
2109007;18692
2109056;6900
2109106;40004
2109205;11705
2109239;6058
2109270;15606
2109304;9798
2109403;11999
2109452;24201
2109502;21016
2109551;7170
2109601;37920
2109700;5792
2109759;5526
2109809;34022
2109908;82026
2110005;69306
2110039;19633
2110104;28341
2110203;30882
2110237;10537
2110278;11155
2110302;14225
2110401;17191
2110500;37449
2110609;25480
2110658;6953
2110708;32557
2110807;4398
2110856;8431
2110906;14194
2111003;18108
2111029;12281
2111052;11267
2111078;16592
2111102;23576
2111201;131379
2111250;7282
2111300;957515
2111409;19655
2111508;38045
2111532;11113
2111573;4020
2111607;15962
2111631;4502
2111672;4989
2111706;19692
2111722;8399
2111748;9071
2111763;20793
2111789;10576
2111805;15549
2111904;10235
2111953;4675
2112001;6652
2112100;26132
2112209;144333
2112233;18300
2112274;5517
2112308;37894
2112407;32491
2112456;20119
2112506;46280
2112605;21747
2112704;43228
2112803;47466
2112852;8671
2112902;30935
2113009;30235
2114007;45008
2200053;6300
2200103;4980
2200202;15887
2200251;7447
2200277;4482
2200301;13612
2200400;38328
2200459;4976
2200509;17316
2200608;6609
2200707;8197
2200806;3140
2200905;5857
2200954;2654
2201002;5002
2201051;8011
2201101;11507
2201150;10232
2201176;3774
2201200;43328
2201309;3355
2201408;6661
2201507;25724
2201556;3344
2201572;2788
2201606;9560
2201705;5302
2201739;9312
2201770;6086
2201804;4039
2201903;19532
2201919;5276
2201929;5185
2201945;6325
2201960;7699
2201988;3181
2202000;19150
2202026;7820
2202059;9438
2202075;3193
2202083;6981
2202091;5622
2202109;5598
2202117;4451
2202133;5645
2202174;6726
2202208;44548
2202251;3984
2202307;20673
2202406;10830
2202455;3865
2202505;10343
2202539;5371
2202554;4583
2202604;18550
2202653;5023
2202703;26201
2202711;4522
2202729;5341
2202737;3797
2202752;5700
2202778;7662
2202802;4923
2202851;4356
2202901;24518
2203008;7800
2203107;9518
2203206;10360
2203230;4538
2203255;4072
2203271;4898
2203305;12806
2203354;6721
2203404;6532
2203420;4312
2203453;10329
2203503;14174
2203602;4722
2203701;36190
2203750;5190
2203800;4468
2203859;2551
2203909;56090
2204006;5292
2204105;5017
2204154;2255
2204204;8293
2204303;11054
2204352;5255
2204402;10351
2204501;9587
2204550;4343
2204600;3674
2204659;8420
2204709;14973
2204808;9354
2204907;7790
2205003;11084
2205102;10558
2205151;5597
2205201;16826
2205250;4171
2205276;4523
2205300;4371
2205359;3199
2205409;13779
2205458;5345
2205508;35164
2205516;4769
2205524;5250
2205532;4388
2205540;2563
2205557;7862
2205565;4543
2205573;6520
2205581;3684
2205599;5042
2205607;5586
2205706;26147
2205805;24323
2205854;7680
2205904;5357
2205953;7154
2206001;4198
2206050;6428
2206100;10465
2206209;32178
2206308;1194
2206357;7018
2206407;10321
2206506;7163
2206605;10335
2206654;4241
2206670;6377
2206696;7655
2206704;6947
2206753;4048
2206803;8044
2206902;6191
2206951;3383
2207009;35075
2207108;2637
2207207;7340
2207306;4462
2207355;3616
2207405;4985
2207504;13721
2207553;4531
2207603;10313
2207702;140839
2207751;4127
2207777;6171
2207793;3713
2207801;16930
2207850;4291
2207900;36675
2207934;2105
2207959;4284
2208007;70450
2208106;11722
2208205;17123
2208304;25625
2208403;60249
2208502;11492
2208551;2468
2208601;3159
2208650;9146
2208700;8263
2208809;17633
2208858;4884
2208874;4103
2208908;6577
2209005;6430
2209104;5790
2209153;3352
2209203;5999
2209302;5280
2209351;4841
2209377;5149
2209401;5729
2209450;1963
2209500;3626
2209559;4311
2209609;3132
2209658;5015
2209708;6276
2209757;2455
2209807;4342
2209856;4364
2209872;5008
2209906;6672
2209955;4776
2209971;7081
2210003;18689
2210052;5045
2210102;3730
2210201;6808
2210300;5908
2210359;4899
2210375;2596
2210383;2083
2210391;3078
2210409;19201
2210508;13083
2210607;30852
2210623;4178
2210631;4080
2210656;9506
2210706;13734
2210805;11472
2210904;4599
2210938;5537
2210953;2897
2210979;2605
2211001;779939
2211100;41661
2211209;19017
2211308;19716
2211357;5178
2211407;4429
2211506;3097
2211605;3030
2211704;4452
2300101;10227
2300150;14658
2300200;52123
2300309;48703
2300408;15585
2300507;10270
2300606;6417
2300705;19154
2300754;37513
2300804;6761
2300903;13649
2301000;67265
2301109;66049
2301208;24423
2301257;10649
2301307;21214
2301406;12129
2301505;7302
2301604;21616
2301703;24480
2301802;5780
2301851;17448
2301901;50386
2301950;18453
2302008;20673
2302057;14812
2302107;31669
2302206;46155
2302305;29566
2302404;53538
2302503;39613
2302602;58470
2302701;25553
2302800;73878
2302909;16403
2303006;17977
2303105;18527
2303204;26325
2303303;18649
2303402;16001
2303501;63932
2303600;17028
2303659;10508
2303709;316906
2303808;24607
2303907;12215
2303931;12790
2303956;18261
2304004;21171
2304103;72386
2304202;111198
2304236;17317
2304251;22144
2304269;9108
2304277;6927
2304285;38189
2304301;19244
2304350;20181
2304400;2431415
2304459;14072
2304509;12830
2304608;6540
2304657;15297
2304707;51410
2304806;4931
2304905;9456
2304954;22405
2305001;36705
2305100;4307
2305209;18534
2305233;48660
2305266;12728
2305308;23088
2305332;11000
2305357;18186
2305407;63262
2305506;92260
2305605;25413
2305654;11353
2305704;11591
2305803;39438
2305902;38044
2306009;14313
2306108;21921
2306207;7462
2306256;31107
2306306;45426
2306405;107281
2306504;17602
2306553;34296
2306603;17689
2306702;17851
2306801;9780
2306900;35237
2307007;30965
2307106;25853
2307205;7270
2307254;15442
2307304;242139
2307403;22890
2307502;29872
2307601;53289
2307635;17051
2307650;197301
2307700;102982
2307809;23107
2307908;10304
2308005;33256
2308104;41679
2308203;12148
2308302;27355
2308351;14111
2308377;12131
2308401;33690
2308500;44364
2308609;16557
2308708;61751
2308807;8005
2308906;21111
2309003;14007
2309102;10975
2309201;12974
2309300;30615
2309409;27418
2309458;23359
2309508;21268
2309607;54881
2309706;65772
2309805;11097
2309904;5950
2310001;8797
2310100;10352
2310209;30665
2310258;28192
2310308;30596
2310407;11573
2310506;40762
2310605;7715
2310704;33717
2310803;15291
2310852;17143
2310902;14736
2310951;9483
2311009;11905
2311108;14792
2311207;9670
2311231;6478
2311264;20079
2311306;76105
2311355;15708
2311405;68966
2311504;18652
2311603;25702
2311702;19310
2311801;63975
2311900;16282
2311959;15798
2312007;28741
2312106;17574
2312205;43344
2312304;43077
2312403;40312
2312502;8310
2312601;12052
2312700;25290
2312809;6274
2312908;176895
2313005;17340
2313104;28291
2313203;25459
2313252;8734
2313302;54273
2313351;15062
2313401;64612
2313500;48620
2313559;13350
2313609;29569
2313708;7591
2313757;18195
2313807;19218
2313906;12973
2313955;17087
2314003;37740
2314102;52855
2400109;10911
2400208;51262
2400307;10339
2400406;2843
2400505;13729
2400604;4948
2400703;11443
2400802;11227
2400901;6997
2401008;34632
2401107;24398
2401206;12236
2401305;8936
2401404;8466
2401453;23098
2401503;3928
2401602;5006
2401651;2542
2401701;8478
2401800;11135
2401859;6384
2401909;3064
2402006;60656
2402105;10462
2402204;29334
2402303;19739
2402402;6836
2402501;9284
2402600;65450
2402709;10890
2402808;5255
2402907;4827
2403004;7825
2403103;42066
2403202;6431
2403251;172751
2403301;5158
2403400;5875
2403509;10132
2403608;21792
2403707;5680
2403756;2876
2403806;8313
2403905;2928
2404002;4360
2404101;2149
2404200;20347
2404309;12374
2404408;9441
2404507;11737
2404606;11649
2404705;13444
2404804;2035
2404853;6410
2404903;5758
2405009;7788
2405108;6447
2405207;5416
2405306;8294
2405405;5610
2405504;2536
2405603;13704
2405702;12013
2405801;30423
2405900;2723
2406007;5982
2406106;17501
2406155;3517
2406205;5940
2406304;6989
2406403;2699
2406502;13167
2406601;7179
2406700;10412
2406809;4217
2406908;3418
2407005;9763
2407104;63337
2407203;27132
2407252;3459
2407302;8112
2407401;8089
2407500;8969
2407609;3795
2407708;12393
2407807;20590
2407906;2394
2408003;234390
2408102;774230
2408201;22906
2408300;35280
2408409;4442
2408508;4973
2408607;3886
2408706;3880
2408805;4772
2408904;19972
2408953;9753
2409100;10372
2409209;2629
2409308;11303
2409332;4659
2409407;26728
2409506;3918
2409605;2659
2409704;7405
2409803;13673
2409902;12505
2410009;3381
2410108;12288
2410207;6855
2410256;4792
2410306;8283
2410405;8030
2410504;4608
2410603;3131
2410702;3025
2410801;4292
2410900;6824
2411007;4569
2411056;3750
2411106;3625
2411205;33736
2411403;14312
2411429;2729
2411502;21263
2411601;3529
2411700;3702
2411809;3381
2411908;3669
2412005;77363
2412104;5765
2412203;36990
2412302;11744
2412401;3925
2412500;22579
2412559;8810
2412609;14483
2412708;6433
2412807;8116
2412906;11115
2413003;5819
2413102;5906
2413201;3690
2413300;5801
2413359;9216
2413409;7241
2413508;6740
2413557;4360
2413607;5671
2413706;5212
2413805;2278
2413904;11768
2414001;13081
2414100;9311
2414159;5120
2414209;10959
2414308;2295
2414407;29436
2414456;3272
2414506;10640
2414605;12719
2414704;5276
2414753;3494
2414803;10313
2414902;1769
2415008;2647
2500106;9224
2500205;5629
2500304;27448
2500403;19163
2500502;13025
2500536;5068
2500577;2342
2500601;18183
2500700;17773
2500734;2007
2500775;7323
2500809;17376
2500908;12356
2501005;19191
2501104;24992
2501153;2096
2501203;6234
2501302;19174
2501351;3336
2501401;7630
2501500;21670
2501534;3864
2501575;8619
2501609;12848
2501708;5435
2501807;92891
2501906;17173
2502003;7040
2502052;3164
2502102;5800
2502151;5673
2502201;2233
2502300;5152
2502409;10253
2502508;15877
2502607;6334
2502706;5009
2502805;12424
2502904;5743
2503001;19388
2503100;4907
2503209;49728
2503308;8388
2503407;3485
2503506;17108
2503555;6787
2503605;7314
2503704;56051
2503753;3057
2503803;5363
2503902;5761
2504009;371060
2504033;5207
2504074;3824
2504108;2389
2504157;6762
2504207;4849
2504306;27548
2504355;4467
2504405;17496
2504504;6702
2504603;19925
2504702;4770
2504801;15236
2504850;1705
2504900;15281
2505006;6356
2505105;20197
2505204;7047
2505238;6505
2505279;5469
2505303;2781
2505352;4807
2505402;7929
2505501;3253
2505600;6582
2505709;10832
2505808;3748
2505907;3257
2506004;29801
2506103;11830
2506202;2935
2506251;8236
2506301;54200
2506400;13209
2506509;2985
2506608;6139
2506707;11451
2506806;18168
2506905;24752
2507002;22425
2507101;15966
2507200;9841
2507309;13708
2507408;7825
2507507;674762
2507606;7618
2507705;15899
2507804;6486
2507903;10240
2508000;10222
2508109;4807
2508208;7258
2508307;24937
2508406;2834
2508505;7105
2508554;3816
2508604;10943
2508703;4017
2508802;5634
2508901;40283
2509008;10986
2509057;7287
2509107;20526
2509156;6214
2509206;12494
2509305;6984
2509339;4178
2509370;2601
2509396;5785
2509404;12305
2509503;4558
2509602;4345
2509701;29980
2509800;9317
2509909;10216
2510006;6933
2510105;10032
2510204;6280
2510303;3934
2510402;7450
2510501;3489
2510600;2974
2510659;1245
2510709;2124
2510808;97276
2510907;11619
2511004;3743
2511103;6810
2511202;26279
2511301;15881
2511400;18716
2511509;11301
2511608;6936
2511707;5319
2511806;10232
2511905;16140
2512002;15956
2512036;3919
2512077;3959
2512101;31524
2512200;3896
2512309;19330
2512408;12881
2512507;38883
2512606;1433
2512705;16748
2512721;5588
2512747;3405
2512754;4172
2512762;4239
2512788;1524
2512804;8057
2512903;23023
2513000;3367
2513109;12526
2513158;7016
2513208;6480
2513307;6028
2513356;3707
2513406;14292
2513505;5609
2513604;7610
2513653;2660
2513703;122454
2513802;4644
2513851;2641
2513901;29196
2513927;4049
2513943;2265
2513968;2719
2513984;3442
2514008;4438
2514107;4578
2514206;7810
2514305;5942
2514404;4913
2514453;5482
2514503;18898
2514552;4644
2514602;3180
2514651;1647
2514701;3986
2514800;3973
2514909;7782
2515005;6568
2515104;10908
2515203;3061
2515302;46363
2515401;9737
2515500;12413
2515609;3130
2515708;3038
2515807;7651
2515906;6602
2515930;4213
2515971;7340
2516003;27346
2516102;13128
2516151;2965
2516201;63783
2516300;16456
2516409;9549
2516508;14715
2516607;14021
2516706;13685
2516755;2806
2516805;9624
2516904;14454
2517001;9173
2517100;2457
2517209;4756
2517407;2024
2600054;92217
2600104;34047
2600203;16471
2600302;21456
2600401;29508
2600500;37992
2600609;14016
2600708;34740
2600807;21782
2600906;20149
2601003;9836
2601052;16520
2601102;75878
2601201;64863
2601300;12694
2601409;41748
2601508;9649
2601607;20545
2601706;70963
2601805;11548
2601904;56629
2602001;33381
2602100;43397
2602209;39023
2602308;39111
2602407;9341
2602506;7158
2602605;40265
2602704;12962
2602803;49937
2602902;163139
2603009;28851
2603108;17421
2603207;25219
2603306;11337
2603405;7577
2603454;136381
2603504;15831
2603603;7921
2603702;24218
2603801;19337
2603900;18345
2603926;11689
2604007;65390
2604106;289086
2604155;14103
2604205;33479
2604304;10240
2604403;11636
2604502;17563
2604601;23211
2604700;16330
2604809;11616
2604908;16388
2605004;22106
2605103;32157
2605152;15595
2605202;59850
2605301;30567
2605400;19276
2605459;2801
2605509;11002
2605608;21962
2605707;26648
2605806;14067
2605905;26281
2606002;124996
2606101;27397
2606200;71796
2606309;6593
2606408;71570
2606507;17733
2606606;27261
2606705;7545
2606804;93748
2606903;11880
2607000;14036
2607109;4444
2607208;70070
2607307;25718
2607406;4097
2607505;26735
2607604;17573
2607653;34944
2607703;13849
2607752;22852
2607802;14985
2607901;665387
2607950;12102
2608008;14813
2608057;13797
2608107;28488
2608206;15947
2608255;10500
2608305;13628
2608404;14760
2608453;14380
2608503;19987
2608602;11655
2608701;15967
2608750;21125
2608800;33348
2608909;55560
2609006;23078
2609105;11152
2609154;16540
2609204;12352
2609303;13304
2609402;52830
2609501;29202
2609600;391433
2609709;21632
2609808;13167
2609907;63042
2610004;56643
2610103;8487
2610202;24918
2610301;11669
2610400;19214
2610509;27910
2610608;45777
2610707;307284
2610806;20132
2610905;61337
2611002;30597
2611101;268339
2611200;11135
2611309;21810
2611408;11853
2611507;24197
2611533;6875
2611606;1533580
2611705;18269
2611804;38755
2611903;21024
2612000;13709
2612109;7770
2612208;53167
2612307;15027
2612406;17627
2612455;13644
2612471;11610
2612505;73680
2612554;13759
2612604;39626
2612703;12348
2612802;9934
2612901;9790
2613008;47230
2613107;34769
2613206;21011
2613305;20869
2613404;17090
2613503;32704
2613602;30469
2613701;95304
2613800;16598
2613909;76198
2614006;18228
2614105;34069
2614204;36414
2614303;10424
2614402;5837
2614501;53934
2614600;25836
2614709;12095
2614808;20552
2614857;18137
2615003;21447
2615102;6496
2615201;9057
2615300;51529
2615409;29897
2615508;12734
2615607;24642
2615706;15225
2615805;18913
2615904;8257
2616001;15576
2616100;9567
2616183;7500
2616209;17021
2616308;27360
2616407;121233
2616506;14224
2700102;19316
2700201;17274
2700300;202398
2700409;50323
2700508;13731
2700607;7247
2700706;16247
2700805;5031
2700904;7238
2701001;25145
2701100;11796
2701209;9843
2701308;20076
2701357;6016
2701407;45307
2701506;9563
2701605;17793
2701704;17034
2701803;8044
2701902;6953
2702009;10916
2702108;19363
2702207;5336
2702306;51027
2702355;22411
2702405;46599
2702504;10885
2702553;16694
2702603;21180
2702702;4370
2702801;11928
2702900;35162
2703007;15359
2703106;25140
2703205;22925
2703304;17637
2703403;5724
2703502;6883
2703601;7463
2703700;5939
2703759;11430
2703809;21735
2703908;4569
2704005;24460
2704104;17889
2704203;25484
2704302;896965
2704401;18811
2704500;25726
2704609;10203
2704708;45141
2704807;13865
2704906;4014
2705002;24599
2705101;24656
2705200;15072
2705309;5160
2705408;7090
2705507;25964
2705606;11903
2705705;19885
2705804;8139
2705903;4817
2706000;10522
2706109;11049
2706208;4878
2706307;70151
2706406;23855
2706422;10209
2706448;9725
2706505;13826
2706604;7534
2706703;59020
2706802;17466
2706901;31627
2707008;3126
2707107;23910
2707206;12205
2707305;25129
2707404;10321
2707503;17947
2707602;11289
2707701;65432
2707800;6692
2707909;7248
2708006;42296
2708105;11663
2708204;6820
2708303;22282
2708402;30129
2708501;31647
2708600;51473
2708709;7219
2708808;31002
2708907;14154
2708956;12641
2709004;5695
2709103;18157
2709152;40291
2709202;24911
2709301;60619
2709400;26050
2800100;2197
2800209;19185
2800308;520303
2800407;11633
2800506;16072
2800605;19218
2800670;24472
2800704;7760
2801009;16122
2801108;3910
2801207;21806
2801306;27913
2801405;18965
2801504;11911
2801603;5358
2801702;15867
2801900;3741
2802007;4198
2802106;61368
2802205;5628
2802304;12589
2802403;11606
2802502;2773
2802601;5554
2802700;8598
2802809;17089
2802908;83161
2803005;37431
2803104;4736
2803203;28131
2803302;15450
2803401;13539
2803500;88980
2803609;23923
2803708;6295
2803807;3658
2803906;11728
2804003;15150
2804102;10910
2804201;13199
2804300;7225
2804409;18909
2804458;8517
2804508;29546
2804607;23800
2804706;6280
2804805;148546
2804904;12377
2805000;2774
2805109;8389
2805208;5590
2805307;8227
2805406;28969
2805505;21083
2805604;26520
2805703;27629
2805802;19019
2805901;9087
2806008;15676
2806107;8518
2806206;18563
2806305;13041
2806404;6596
2806503;3844
2806602;11652
2806701;71931
2806800;10128
2806909;2874
2807006;3670
2807105;37145
2807204;7618
2807303;2852
2807402;47265
2807501;12877
2807600;20562
2900108;8638
2900207;17342
2900306;14628
2900355;14824
2900405;14810
2900504;10609
2900603;5212
2900702;132725
2900801;19840
2900900;6687
2901007;33554
2901106;22096
2901155;16189
2901205;25716
2901304;14088
2901353;14132
2901403;14700
2901502;9523
2901601;16446
2901700;12074
2901809;10653
2901908;17870
2901957;7379
2902005;14168
2902054;11662
2902104;51912
2902203;9527
2902252;10717
2902302;8507
2902401;14458
2902500;13437
2902609;20980
2902658;10865
2902708;47755
2902807;20750
2902906;32489
2903003;14054
2903102;6133
2903201;129501
2903235;13403
2903276;13182
2903300;6669
2903409;21479
2903508;15262
2903607;13961
2903706;16007
2903805;17841
2903904;62199
2903953;10295
2904001;13227
2904050;13678
2904100;21856
2904209;11026
2904308;12677
2904407;9337
2904506;10922
2904605;62381
2904704;19956
2904753;18656
2904803;10367
2904852;17502
2904902;32252
2905008;21847
2905107;10377
2905156;12133
2905206;46192
2905305;17402
2905404;13712
2905503;13072
2905602;30289
2905701;220495
2905800;32172
2905909;26935
2906006;65137
2906105;10577
2906204;24436
2906303;35743
2906402;9019
2906501;78618
2906600;12352
2906709;26727
2906808;32789
2906824;14656
2906857;12311
2906873;25823
2906899;10541
2906907;21150
2907004;8280
2907103;28879
2907202;62862
2907301;24437
2907400;3767
2907509;48697
2907558;8545
2907608;17320
2907707;10571
2907806;30827
2907905;15063
2908002;22764
2908101;17394
2908200;19091
2908309;17684
2908408;60835
2908507;27522
2908606;22034
2908705;17004
2908804;3857
2908903;23161
2909000;8518
2909109;14555
2909208;18168
2909307;31658
2909406;13663
2909505;5427
2909604;19510
2909703;13595
2909802;54827
2909901;32449
2910008;12565
2910057;53821
2910107;11087
2910206;3809
2910305;7907
2910404;22525
2910503;38886
2910602;31118
2910701;56625
2910727;93984
2910750;18918
2910776;6328
2910800;571997
2910859;15979
2910909;5577
2911006;10333
2911105;20845
2911204;30091
2911253;4444
2911303;11326
2911402;13879
2911501;6845
2911600;19828
2911659;7062
2911709;76230
2911808;22621
2911857;14020
2911907;27835
2912004;9507
2912103;24752
2912202;15856
2912301;15777
2912400;16762
2912509;13841
2912608;5007
2912707;23197
2912806;7534
2912905;23940
2913002;15802
2913101;18614
2913200;25292
2913309;5881
2913408;14499
2913457;13246
2913507;27849
2913606;220144
2913705;34388
2913804;16055
2913903;42561
2914000;60043
2914109;8931
2914208;7215
2914307;15134
2914406;22607
2914505;25012
2914604;62676
2914653;25821
2914703;59393
2914802;210604
2914901;24720
2915007;14154
2915106;13882
2915205;16272
2915304;7049
2915353;12545
2915403;7673
2915502;20343
2915601;65327
2915700;8468
2915809;33687
2915908;6605
2916005;20636
2916104;19897
2916203;11123
2916302;11520
2916401;63243
2916500;30703
2916609;10106
2916708;7564
2916807;17615
2916856;14569
2916906;15764
2917003;35749
2917102;20165
2917201;17939
2917300;23530
2917334;11469
2917359;8931
2917409;14346
2917508;76463
2917607;46641
2917706;29097
2917805;16207
2917904;9758
2918001;145964
2918100;37431
2918209;13386
2918308;16839
2918357;20834
2918407;230538
2918456;10599
2918506;14833
2918555;6857
2918605;8465
2918704;3526
2918753;13795
2918803;21104
2918902;3469
2919009;4329
2919058;8591
2919108;11988
2919157;25557
2919207;144492
2919306;9617
2919405;12695
2919504;42146
2919553;44265
2919603;11207
2919702;16046
2919801;45958
2919900;7779
2919926;15432
2919959;8793
2920007;8324
2920106;19259
2920205;16085
2920304;7620
2920403;14262
2920452;11694
2920502;34221
2920601;42079
2920700;17029
2920809;10716
2920908;16061
2921005;37201
2921054;12322
2921104;21866
2921203;27213
2921302;11771
2921401;17474
2921450;9174
2921500;52249
2921609;8586
2921708;34012
2921807;13905
2921906;14131
2922003;33143
2922052;13755
2922102;23822
2922201;6990
2922250;10096
2922300;27212
2922409;21181
2922508;26506
2922607;12531
2922656;12172
2922706;18829
2922730;7674
2922755;6871
2922805;7423
2922854;8943
2922904;25697
2923001;34623
2923035;10304
2923050;14153
2923100;23791
2923209;22609
2923308;7802
2923357;16302
2923407;21107
2923506;8040
2923605;20055
2923704;28671
2923803;28347
2923902;12155
2924009;101952
2924058;14160
2924108;7238
2924207;17092
2924306;18085
2924405;32844
2924504;15306
2924603;20312
2924652;10551
2924678;8897
2924702;13515
2924801;24189
2924900;8472
2925006;21486
2925105;44759
2925204;30221
2925253;14820
2925303;114459
2925402;10350
2925501;25429
2925600;13822
2925709;14803
2925758;22684
2925808;27186
2925907;27068
2925931;9348
2925956;23107
2926004;38004
2926103;11938
2926202;22528
2926301;32522
2926400;29425
2926509;14101
2926608;47400
2926657;14297
2926707;13447
2926806;15096
2926905;11385
2927002;36169
2927101;7023
2927200;29358
2927309;13090
2927408;2892625
2927507;19440
2927606;15483
2927705;25110
2927804;6386
2927903;10564
2928000;33633
2928059;15184
2928109;40571
2928208;25947
2928307;9199
2928406;26135
2928505;9914
2928604;58028
2928703;84256
2928802;44532
2928901;25158
2928950;8818
2929008;15302
2929057;12815
2929107;20265
2929206;29829
2929255;18468
2929305;29205
2929354;6095
2929370;10477
2929404;10270
2929503;40321
2929602;16518
2929701;18104
2929750;11051
2929800;11866
2929909;40543
2930006;10712
2930105;72511
2930154;31130
2930204;36517
2930303;17422
2930402;15149
2930501;71383
2930600;12120
2930709;109269
2930758;12567
2930766;14069
2930774;21315
2930808;18013
2930907;12281
2931004;19591
2931053;15745
2931103;7589
2931202;18217
2931301;17254
2931350;118702
2931400;8306
2931509;20702
2931608;12429
2931707;12310
2931806;18483
2931905;48740
2932002;24662
2932101;20708
2932200;20478
2932309;24791
2932408;13719
2932457;16081
2932507;25277
2932606;15822
2932705;22070
2932804;19229
2932903;84931
2933000;21512
2933059;14479
2933109;8569
2933158;13949
2933174;9054
2933208;35060
2933257;7174
2933307;308204
2933406;8610
2933455;12982
2933505;23985
2933604;45700
3100104;6556
3100203;22474
3100302;12867
3100401;4056
3100500;11127
3100609;16435
3100708;2093
3100807;4054
3100906;18518
3101003;12674
3101102;24232
3101201;6099
3101300;2825
3101409;2872
3101508;33495
3101607;71628
3101631;5900
3101706;36907
3101805;7007
3101904;17821
3102001;13286
3102050;5048
3102100;12657
3102209;4558
3102308;15251
3102407;3482
3102506;5245
3102605;34956
3102704;9089
3102803;12035
3102852;8130
3102902;11172
3103009;9435
3103108;1962
3103207;2384
3103306;1875
3103405;36083
3103504;106403
3103603;2544
3103702;8029
3103751;6113
3103801;2699
3103900;7201
3104007;87764
3104106;7994
3104205;34763
3104304;13181
3104403;2995
3104452;4832
3104502;17592
3104601;12510
3104700;15078
3104809;4589
3104908;18016
3105004;8274
3105103;21850
3105202;5337
3105301;5106
3105400;26421
3105509;5656
3105608;122377
3105707;6965
3105905;19352
3106002;9968
3106101;3067
3106200;2412937
3106309;21369
3106408;7267
3106507;13214
3106606;4588
3106655;4399
3106705;415098
3106804;3880
3106903;13638
3107000;2592
3107109;37801
3107208;5034
3107307;44657
3107406;42260
3107505;6481
3107604;3787
3107703;5412
3107802;15198
3107901;10482
3108008;17194
3108107;6715
3108206;5828
3108255;8787
3108305;14892
3108404;14853
3108503;6435
3108552;12821
3108602;31165
3108701;4592
3108800;5208
3108909;14452
3109006;31965
3109105;10864
3109204;9522
3109253;3960
3109303;21472
3109402;26133
3109451;6294
3109501;13614
3109600;3802
3109709;10820
3109808;2470
3109907;9490
3110004;39039
3110103;4537
3110202;4015
3110301;13901
3110400;3204
3110509;19708
3110608;25010
3110707;12520
3110806;3592
3110905;15169
3111002;20251
3111101;18680
3111150;3828
3111200;51375
3111309;11476
3111408;6570
3111507;13184
3111606;26954
3111705;4668
3111804;11313
3111903;5712
3112000;15499
3112059;3967
3112109;4863
3112208;4598
3112307;33061
3112406;7154
3112505;8763
3112604;15302
3112653;4801
3112703;14106
3112802;7634
3112901;8855
3113008;21530
3113107;3445
3113206;22240
3113305;32068
3113404;81731
3113503;10145
3113602;6029
3113701;20812
3113800;2550
3113909;11656
3114006;10942
3114105;13657
3114204;18943
3114303;30712
3114402;19480
3114501;15743
3114550;8859
3114600;4015
3114709;3234
3114808;4611
3114907;2100
3115003;2799
3115102;17067
3115201;3960
3115300;67384
3115359;4561
3115409;3424
3115458;6597
3115474;5303
3115508;21009
3115607;1203
3115706;6590
3115805;10219
3115904;2613
3116001;5465
3116100;15449
3116159;10266
3116209;2893
3116308;6539
3116407;4295
3116506;8131
3116605;24590
3116704;6886
3116803;9281
3116902;3087
3117009;8720
3117108;10215
3117207;2726
3117306;20426
3117405;4396
3117504;18070
3117603;4725
3117702;12708
3117801;10204
3117836;6279
3117876;5680
3117900;9692
3118007;45984
3118106;5110
3118205;6580
3118304;109280
3118403;21793
3118502;1695
3118601;608650
3118700;9466
3118809;26131
3118908;9033
3119005;3570
3119104;22741
3119203;10776
3119302;27392
3119401;100805
3119500;9120
3119609;2457
3119708;3194
3119807;3423
3119906;3724
3119955;5635
3120003;3155
3120102;4332
3120151;5659
3120201;10631
3120300;5731
3120409;4881
3120508;10955
3120607;4593
3120706;3760
3120805;14656
3120839;4404
3120870;6907
3120904;71611
3121001;5418
3121100;7834
3121209;6698
3121258;6600
3121308;4876
3121407;6914
3121506;3198
3121605;44746
3121704;3941
3121803;10234
3121902;3276
3122009;19245
3122108;4934
3122207;6724
3122306;209921
3122355;5793
3122405;5619
3122454;7852
3122470;3781
3122504;5593
3122603;4530
3122702;5284
3122801;3020
3122900;5569
3123007;9276
3123106;5528
3123205;13996
3123304;4572
3123403;1492
3123502;1846
3123528;6932
3123601;24161
3123700;10317
3123809;7079
3123858;4931
3123908;13887
3124005;18002
3124104;55436
3124203;20835
3124302;31322
3124401;4293
3124500;10920
3124609;2497
3124708;3651
3124807;7136
3124906;10291
3125002;3567
3125101;24886
3125200;2219
3125309;3612
3125408;5685
3125507;3124
3125606;6687
3125705;13618
3125804;2612
3125903;11387
3125952;10261
3126000;5928
3126109;64585
3126208;6612
3126307;3837
3126406;2454
3126505;10269
3126604;4759
3126703;24838
3126752;5664
3126802;6343
3126901;8873
3126950;3342
3127008;13983
3127057;4835
3127073;6327
3127107;51766
3127206;3639
3127305;7302
3127339;5226
3127354;2932
3127370;3052
3127388;3643
3127404;4270
3127503;5620
3127602;11569
3127701;260396
3127800;14594
3127909;1412
3128006;29286
3128105;13152
3128204;10428
3128253;4554
3128303;18147
3128402;9487
3128501;4017
3128600;6577
3128709;47894
3128808;7321
3128907;6946
3129004;8906
3129103;6194
3129202;6005
3129301;10851
3129400;5057
3129509;22069
3129608;7571
3129657;5898
3129707;11023
3129806;148535
3129905;3382
3130002;2825
3130051;10331
3130101;31135
3130200;8477
3130309;7632
3130408;5687
3130507;11265
3130556;6324
3130606;7253
3130655;7482
3130705;6244
3130804;2496
3130903;24289
3131000;5347
3131109;6420
3131158;14844
3131208;17128
3131307;238397
3131406;4191
3131505;9183
3131604;6295
3131703;105159
3131802;10338
3131901;41522
3132008;5018
3132107;17626
3132206;12292
3132305;11497
3132404;86673
3132503;31883
3132602;4035
3132701;22635
3132800;2434
3132909;10828
3133006;13756
3133105;14395
3133204;11880
3133303;20986
3133402;14019
3133501;20653
3133600;7722
3133709;8953
3133758;14551
3133808;81833
3133907;5724
3134004;14587
3134103;5830
3134202;92727
3134301;6439
3134400;31495
3134509;4051
3134608;15496
3134707;12422
3134806;7225
3134905;20389
3135001;2782
3135050;30386
3135076;4926
3135100;65387
3135209;64985
3135308;3688
3135357;8232
3135407;5892
3135456;6905
3135506;12965
3135605;8029
3135704;5491
3135803;23982
3135902;4821
3136009;14881
3136108;5628
3136207;71658
3136306;43229
3136405;3937
3136504;10751
3136520;4547
3136553;4146
3136579;4440
3136603;5461
3136652;19528
3136702;513348
3136801;3960
3136900;8260
3136959;6050
3137007;16479
3137106;7636
3137205;44159
3137304;4448
3137403;11792
3137502;16521
3137536;8660
3137601;44922
3137700;17580
3137809;18547
3137908;3546
3138005;6310
3138104;6458
3138203;87421
3138302;2955
3138351;4930
3138401;49915
3138500;5333
3138609;15909
3138625;6492
3138658;7979
3138674;6276
3138682;6432
3138708;5374
3138807;17173
3138906;6855
3139003;37567
3139102;4951
3139201;17917
3139250;6247
3139300;20903
3139409;74297
3139508;20209
3139607;26721
3139706;6840
3139805;11139
3139904;14249
3140001;51693
3140100;4285
3140159;11421
3140209;2827
3140308;3743
3140407;3100
3140506;12165
3140530;6338
3140555;7458
3140605;4662
3140704;25627
3140803;13205
3140852;10270
3140902;16430
3141009;12664
3141108;33317
3141207;3700
3141306;3238
3141405;20667
3141504;6431
3141603;10452
3141702;6493
3141801;30578
3141900;3603
3142007;12769
3142106;10197
3142205;12949
3142254;4708
3142304;4506
3142403;6754
3142502;2303
3142601;7391
3142700;15961
3142809;18348
3142908;22437
3143005;12573
3143104;44367
3143153;4709
3143203;20133
3143302;352384
3143401;19228
3143450;7259
3143500;8297
3143609;2887
3143708;3474
3143807;6298
3143906;95548
3144003;26331
3144102;19925
3144201;2957
3144300;40307
3144359;5885
3144375;3271
3144409;4623
3144508;7716
3144607;24430
3144656;10414
3144672;3629
3144706;17932
3144805;72207
3144904;3878
3145000;11586
3145059;7358
3145109;14145
3145208;60195
3145307;30331
3145356;10327
3145372;4899
3145406;2380
3145455;4991
3145505;2505
3145604;37805
3145703;1939
3145802;3019
3145851;4385
3145877;6771
3145901;33548
3146008;31154
3146107;67048
3146206;6832
3146255;5828
3146305;18120
3146404;4594
3146503;8122
3146552;5979
3146602;1630
3146701;6118
3146750;7041
3146909;14410
3147006;79739
3147105;79852
3147204;19603
3147303;18088
3147402;22204
3147501;1801
3147600;15285
3147709;8494
3147808;2082
3147907;102765
3147956;5346
3148004;133054
3148103;81589
3148202;5319
3148301;9086
3148400;4893
3148509;8868
3148608;17157
3148707;24851
3148756;6474
3148806;3672
3148905;3921
3149002;2100
3149101;11184
3149150;10976
3149200;3448
3149309;56518
3149408;1658
3149507;2997
3149606;4232
3149705;7310
3149804;13924
3149903;19407
3149952;7030
3150000;4056
3150109;2973
3150158;6444
3150208;4113
3150307;4781
3150406;4542
3150505;8164
3150539;4016
3150570;7727
3150604;6554
3150703;3694
3150802;17208
3150901;5113
3151008;7849
3151107;10240
3151206;51636
3151305;10686
3151404;24618
3151503;30984
3151602;10289
3151701;15350
3151800;144386
3151909;8769
3152006;28393
3152105;55687
3152131;4046
3152170;10976
3152204;36864
3152303;10404
3152402;14749
3152501;120467
3152600;6359
3152709;8168
3152808;25511
3152907;8653
3153004;3236
3153103;5699
3153202;4257
3153301;2978
3153400;18256
3153509;7976
3153608;8874
3153707;3200
3153806;1826
3153905;14874
3154002;23901
3154101;10194
3154150;6344
3154200;10537
3154309;17024
3154408;4574
3154457;8126
3154507;9392
3154606;329112
3154705;3773
3154804;8257
3154903;14496
3155009;2520
3155108;4489
3155207;6594
3155306;5007
3155405;8910
3155504;10809
3155603;28633
3155702;14319
3155801;16709
3155900;5388
3156007;14856
3156106;5068
3156205;2036
3156304;6178
3156403;3561
3156452;4151
3156502;8299
3156601;9561
3156700;120770
3156809;15889
3156908;22159
3157005;37370
3157104;6896
3157203;26185
3157252;7451
3157278;2796
3157302;4504
3157336;7347
3157377;5192
3157401;5193
3157500;4519
3157609;4034
3157658;5892
3157708;10582
3157807;222507
3157906;14205
3158003;10445
3158102;5724
3158201;14427
3158300;7092
3158409;3603
3158508;8549
3158607;3833
3158706;2104
3158805;4532
3158904;8185
3158953;22765
3159001;4159
3159100;3989
3159209;9078
3159308;5588
3159357;5787
3159407;3747
3159506;5652
3159605;34246
3159704;3261
3159803;15492
3159902;17255
3160009;3489
3160108;4241
3160207;4517
3160306;11294
3160405;24746
3160454;6817
3160504;1753
3160603;3541
3160702;45922
3160801;4400
3160900;3488
3160959;5232
3161007;17349
3161056;3387
3161106;52985
3161205;6246
3161304;5167
3161403;5539
3161502;9171
3161601;4768
3161650;3253
3161700;6156
3161809;10308
3161908;9233
3162005;22751
3162104;30757
3162203;6828
3162252;4729
3162302;2858
3162401;26091
3162450;10769
3162500;81918
3162559;9394
3162575;4855
3162609;7988
3162658;4003
3162708;21839
3162807;15686
3162906;25011
3162922;22214
3162948;6701
3162955;17900
3163003;3929
3163102;3797
3163201;3908
3163300;3776
3163409;5646
3163508;6958
3163607;2472
3163706;40441
3163805;6820
3163904;5291
3164001;8880
3164100;5801
3164209;9080
3164308;6141
3164407;4884
3164431;2743
3164472;5388
3164506;11686
3164605;5336
3164704;61838
3164803;1700
3164902;2170
3165008;10289
3165107;6934
3165206;6617
3165305;6283
3165404;5772
3165503;5196
3165537;23282
3165552;10834
3165560;2950
3165578;5051
3165602;2011
3165701;7019
3165800;1908
3165909;4988
3166006;5675
3166105;3517
3166204;10201
3166303;7083
3166402;1755
3166501;4307
3166600;863
3166709;8345
3166808;10224
3166907;7370
3166956;4515
3167004;2063
3167103;20862
3167202;217506
3167301;2125
3167400;6018
3167509;2503
3167608;17257
3167707;5990
3167806;5518
3167905;4061
3168002;29732
3168051;3243
3168101;3575
3168200;1841
3168309;3757
3168408;14185
3168507;11665
3168606;126895
3168705;76092
3168804;6547
3168903;7416
3169000;15704
3169059;3926
3169109;5720
3169208;9194
3169307;71737
3169356;26431
3169406;52121
3169505;5964
3169604;23076
3169703;17219
3169802;4737
3169901;94228
3170008;11834
3170057;12060
3170107;287760
3170206;608369
3170305;2776
3170404;74495
3170438;4593
3170479;2777
3170503;10203
3170529;11376
3170578;6594
3170602;2098
3170651;4703
3170701;116093
3170750;5993
3170800;34448
3170909;19137
3171006;19300
3171030;8029
3171071;5732
3171105;3667
3171154;4551
3171204;94191
3171303;70404
3171402;3808
3171501;3457
3171600;14103
3171709;8351
3171808;10891
3171907;5724
3172004;35346
3172103;5166
3172202;2509
3200102;30773
3200136;9281
3200169;11934
3200201;30473
3200300;13983
3200359;6198
3200409;19459
3200508;7617
3200607;73358
3200706;8878
3200805;28637
3200904;39627
3201001;12912
3201100;9318
3201159;10949
3201209;195288
3201308;356536
3201407;32250
3201506;106637
3201605;26230
3201704;11326
3201803;4837
3201902;31175
3202009;6106
3202108;23296
3202207;15209
3202256;9890
3202306;25761
3202405;98073
3202454;19649
3202504;10312
3202553;8994
3202603;11496
3202652;10369
3202702;13881
3202801;30833
3202900;10569
3203007;25533
3203056;21949
3203106;10701
3203130;14403
3203163;10802
3203205;124564
3203304;11463
3203320;31221
3203346;12699
3203353;10226
3203403;26208
3203502;17998
3203601;5755
3203700;18196
3203809;13841
3203908;44380
3204005;18465
3204054;23204
3204104;22663
3204203;16249
3204252;6831
3204302;10307
3204351;16587
3204401;11111
3204500;12349
3204559;31845
3204609;20179
3204658;7840
3204708;28878
3204807;10570
3204906;96390
3204955;10439
3205002;385370
3205010;21867
3205036;17862
3205069;18610
3205101;57539
3205150;8705
3205176;13646
3205200;398068
3205309;314042
3300100;148476
3300159;8820
3300209;98268
3300225;11009
3300233;24560
3300258;25248
3300308;96282
3300407;175315
3300456;480555
3300506;24626
3300605;33888
3300704;162229
3300803;53037
3300902;14368
3300936;10677
3300951;8322
3301009;426154
3301108;19799
3301157;12206
3301207;16690
3301306;27086
3301405;19479
3301504;18984
3301603;10438
3301702;842686
3301801;12544
3301850;44692
3301876;19716
3301900;215792
3302007;95356
3302056;13645
3302106;22069
3302205;92852
3302254;31185
3302270;93197
3302304;7769
3302403;169513
3302452;5246
3302502;232171
3302601;29253
3302700;105294
3302809;17242
3302858;182495
3302908;24585
3303005;26231
3303104;14930
3303203;153581
3303302;474002
3303401;177376
3303500;830672
3303609;42423
3303708;39257
3303807;32838
3303856;25132
3303906;306645
3303955;20885
3304003;24170
3304102;17178
3304110;14503
3304128;12031
3304144;130275
3304151;17376
3304201;118547
3304300;51942
3304409;17216
3304508;8192
3304524;74750
3304557;6093472
3304607;10409
3304706;40145
3304755;44475
3304805;37477
3304904;960631
3305000;28889
3305109;464282
3305133;6829
3305158;19439
3305208;75869
3305307;8616
3305406;16858
3305505;62174
3305554;72466
3305604;21362
3305703;14562
3305752;28322
3305802;150268
3305901;9706
3306008;72848
3306107;70850
3306156;8308
3306206;32495
3306305;255653
3500105;33289
3500204;3609
3500303;30181
3500402;7367
3500501;15867
3500550;5360
3500600;2340
3500709;34221
3500758;4070
3500808;3851
3500907;3272
3501004;15139
3501103;4157
3501152;15678
3501202;3902
3501301;22859
3501400;4610
3501509;2787
3501608;199094
3501707;31005
3501806;5379
3501905;62692
3502002;4166
3502101;54753
3502200;21523
3502309;5271
3502408;3695
3502507;35903
3502606;4577
3502705;25463
3502754;12291
3502804;178839
3502903;24022
3503000;5019
3503109;6013
3503158;2527
3503208;195815
3503307;108689
3503356;2003
3503406;7504
3503505;3571
3503604;10630
3503703;8255
3503802;39457
3503901;72713
3503950;1790
3504008;92965
3504107;119166
3504206;13760
3504305;4877
3504404;10875
3504503;80026
3504602;13039
3504701;3619
3504800;7767
3504909;10233
3505005;2751
3505104;6454
3505203;30995
3505302;35090
3505351;5077
3505401;7620
3505500;107988
3505609;25642
3505708;252748
3505807;20613
3505906;53525
3506003;347601
3506102;74865
3506201;2740
3506300;10487
3506359;39091
3506409;6905
3506508;103394
3506607;27483
3506706;13208
3506805;10299
3506904;8565
3507001;40783
3507100;16211
3507159;3658
3507209;804
3507308;4128
3507407;13752
3507456;2172
3507506;120800
3507605;136286
3507704;4728
3507753;2432
3507803;19018
3507902;20996
3508009;17539
3508108;14735
3508207;3872
3508306;4340
3508405;38898
3508504;80458
3508603;31674
3508702;18552
3508801;16073
3508900;4011
3509007;81163
3509106;4953
3509205;58403
3509254;28285
3509304;9519
3509403;22695
3509452;5320
3509502;1039297
3509601;69810
3509700;44688
3509809;4651
3509908;12039
3509957;4318
3510005;29572
3510104;2655
3510153;4265
3510203;45275
3510302;15950
3510401;43779
3510500;88815
3510609;379566
3510708;11324
3510807;27081
3510906;2706
3511003;15410
3511102;109362
3511201;6870
3511300;7607
3511409;16276
3511508;34769
3511607;14005
3511706;14356
3511904;6081
3512001;16989
3512100;6073
3512209;23352
3512308;15473
3512407;19309
3512506;4881
3512605;5277
3512704;3935
3512803;53561
3512902;6951
3513009;172823
3513108;29377
3513207;7005
3513306;2368
3513405;76098
3513504;120271
3513603;22951
3513702;29533
3513801;386779
3513850;1582
3513900;11246
3514007;7664
3514106;24384
3514205;2181
3514304;8751
3514403;42107
3514502;12381
3514601;7557
3514700;6247
3514809;14038
3514908;14521
3514924;3024
3514957;2391
3515004;237318
3515103;59083
3515129;3021
3515152;12729
3515186;40684
3515194;4103
3515202;8590
3515301;2454
3515350;9923
3515400;14601
3515509;61392
3515608;5212
3515657;1457
3515707;168897
3515806;2019
3515905;2907
3516002;12660
3516101;2860
3516200;319094
3516309;146634
3516408;121451
3516507;2638
3516606;6812
3516705;42218
3516804;3863
3516853;4103
3516903;10626
3517000;10515
3517109;4398
3517208;10357
3517307;4752
3517406;36544
3517505;16392
3517604;20056
3517703;18611
3517802;8505
3517901;9045
3518008;1963
3518107;6410
3518206;28662
3518305;24854
3518404;107895
3518503;13202
3518602;32664
3518701;296150
3518800;1236192
3518859;6217
3518909;4616
3519006;8573
3519055;9111
3519071;190781
3519105;9074
3519204;6677
3519253;4777
3519303;28040
3519402;10379
3519501;6617
3519600;49951
3519709;64832
3519808;6429
3519907;7487
3520004;23085
3520103;26862
3520202;8537
3520301;28977
3520400;23886
3520426;8875
3520442;24181
3520509;173508
3520608;4682
3520707;3880
3520806;3595
3520905;12964
3521002;24239
3521101;5164
3521150;3925
3521200;4603
3521309;14344
3521408;18026
3521507;6710
3521606;7556
3521705;17576
3521804;22617
3521903;14182
3522000;2624
3522109;80778
3522158;3087
3522208;148728
3522307;138450
3522406;85537
3522505;193686
3522604;68187
3522653;3723
3522703;38633
3522802;14284
3522901;11605
3523008;3812
3523107;334914
3523206;48732
3523305;15115
3523404;91479
3523503;17570
3523602;13889
3523701;5614
3523800;7444
3523909;147157
3524006;36766
3524105;38539
3524204;6462
3524303;69624
3524402;207028
3524501;5008
3524600;16112
3524709;36804
3524808;47649
3524907;4968
3525003;103531
3525102;34611
3525201;20606
3525300;125469
3525409;3153
3525508;10671
3525607;4092
3525706;30639
3525805;4318
3525854;2205
3525904;342983
3526001;18628
3526100;19352
3526209;27777
3526308;4798
3526407;24454
3526506;7984
3526605;6543
3526704;84406
3526803;59366
3526902;272734
3527009;5657
3527108;69279
3527207;79317
3527256;1974
3527306;29760
3527405;19212
3527504;2299
3527603;10272
3527702;4763
3527801;4238
3527900;2794
3528007;16173
3528106;7396
3528205;3411
3528304;3154
3528403;41508
3528502;71754
3528601;8651
3528700;5193
3528809;13163
3528858;2556
3528908;3786
3529005;218113
3529104;2114
3529203;23983
3529302;74407
3529401;402643
3529500;3980
3529609;3857
3529658;1768
3529708;19972
3529807;11760
3529906;22796
3530003;2576
3530102;25849
3530201;17128
3530300;51660
3530409;4099
3530508;66086
3530607;362991
3530706;131870
3530805;84176
3530904;3280
3531001;2054
3531100;40423
3531209;6957
3531308;44085
3531407;19745
3531506;19187
3531605;4014
3531704;3994
3531803;42824
3531902;25390
3532009;12007
3532058;4340
3532108;4091
3532157;2483
3532207;3941
3532306;7275
3532405;14613
3532504;8825
3532603;10334
3532702;3762
3532801;4905
3532827;8474
3532843;2205
3532868;1057
3532900;9047
3533007;17739
3533106;2101
3533205;2480
3533254;3661
3533304;3403
3533403;45625
3533502;34264
3533601;6629
3533700;4180
3533809;2714
3533908;48020
3534005;3736
3534104;6079
3534203;4916
3534302;36149
3534401;701012
3534500;2476
3534609;30150
3534708;98868
3534757;7035
3534807;7668
3534906;13072
3535002;10428
3535101;10508
3535200;9634
3535309;21298
3535408;13944
3535507;42117
3535606;16456
3535705;5559
3535804;16667
3535903;3614
3536000;11029
3536109;5030
3536208;18079
3536257;2038
3536307;12183
3536406;5506
3536505;73014
3536570;1824
3536604;8942
3536703;40270
3536802;5835
3536901;2734
3537008;15156
3537107;38152
3537156;2834
3537206;9692
3537305;56681
3537404;24220
3537503;7347
3537602;54457
3537701;5093
3537800;48430
3537909;26457
3538006;135682
3538105;14345
3538204;11817
3538303;3599
3538501;14475
3538600;22335
3538709;358108
3538808;28228
3538907;21035
3539004;10315
3539103;14370
3539202;23709
3539301;67787
3539400;11287
3539509;33329
3539608;4014
3539707;3167
3539806;104904
3539905;4878
3540002;19091
3540101;3473
3540200;35560
3540259;3906
3540309;2487
3540408;4201
3540507;8069
3540606;46054
3540705;48760
3540754;18143
3540804;14327
3540853;2667
3540903;15148
3541000;233806
3541059;4309
3541109;4346
3541208;14788
3541307;39403
3541406;202789
3541505;37155
3541604;34786
3541653;2679
3541703;11971
3541802;2603
3541901;10323
3542008;5654
3542107;8151
3542206;28303
3542305;4081
3542404;17070
3542503;6993
3542602;53369
3542701;6350
3542800;3444
3542909;11383
3543006;18879
3543105;4014
3543204;4497
3543238;2231
3543253;6928
3543303;107046
3543402;547417
3543501;6545
3543600;3587
3543709;10425
3543808;9393
3543907;185421
3544004;26344
3544103;39270
3544202;9713
3544251;19943
3544301;9016
3544400;2501
3544509;2546
3544608;5150
3544707;2307
3544806;5025
3544905;8187
3545001;15157
3545100;4551
3545159;6586
3545209;102405
3545308;37324
3545407;8592
3545506;3217
3545605;13861
3545704;5034
3545803;184318
3546009;13282
3546108;2081
3546207;3872
3546256;1707
3546306;30458
3546405;41655
3546504;5510
3546603;27693
3546702;19044
3546801;44817
3546900;7862
3547007;5417
3547106;2589
3547205;1654
3547304;100236
3547403;2493
3547502;26456
3547601;22699
3547650;1390
3547700;20550
3547809;667891
3547908;6020
3548005;19824
3548054;7034
3548104;5743
3548203;6560
3548302;2759
3548401;4008
3548500;418288
3548609;10515
3548708;781390
3548807;144857
3548906;212956
3549003;2812
3549102;79935
3549201;2571
3549250;1725
3549300;2132
3549409;43703
3549508;8173
3549607;4278
3549706;51023
3549805;402770
3549904;594948
3549953;16121
3550001;10496
3550100;37797
3550209;30384
3550308;10886518
3550407;29733
3550506;7094
3550605;65693
3550704;67348
3550803;12509
3550902;13781
3551009;323599
3551108;8158
3551207;3680
3551306;2871
3551405;9107
3551504;36596
3551603;24671
3551702;103558
3551801;12975
3551900;14713
3552007;5562
3552106;33080
3552205;559157
3552304;7714
3552403;228696
3552502;268777
3552551;3421
3552601;11255
3552700;13965
3552809;219200
3552908;5402
3553005;9616
3553104;5804
3553203;5366
3553302;21913
3553401;23400
3553500;7953
3553609;12246
3553658;2827
3553708;53232
3553807;22170
3553856;5098
3553906;6108
3553955;12298
3554003;101838
3554102;265514
3554201;5015
3554300;20325
3554409;8155
3554508;34018
3554607;2535
3554656;2784
3554706;8918
3554755;1441
3554805;38321
3554904;5031
3554953;5749
3555000;62256
3555109;13712
3555208;1947
3555307;2024
3555356;4552
3555406;75008
3555505;4269
3555604;9348
3555703;1436
3555802;8727
3555901;1362
3556008;11917
3556107;9408
3556206;97814
3556305;20827
3556354;6883
3556404;37357
3556453;40200
3556503;100411
3556602;10020
3556701;57435
3556800;17043
3556909;6100
3556958;1624
3557006;99901
3557105;77622
3557154;2229
3557204;12226
3557303;9185
4100103;7791
4100202;6709
4100301;8192
4100400;93055
4100459;4369
4100509;19904
4100608;12936
4100707;10210
4100806;9014
4100905;5140
4101002;17067
4101051;2868
4101101;21330
4101150;2807
4101200;17581
4101309;7477
4101408;115323
4101507;96669
4101606;25645
4101655;3945
4101705;12650
4101804;109943
4101853;2540
4101903;16098
4102000;32226
4102109;24191
4102208;3627
4102307;10639
4102406;32290
4102505;13655
4102604;9027
4102703;2757
4102752;4136
4102802;14996
4102901;16142
4103008;4706
4103024;2866
4103040;6744
4103057;7818
4103107;9533
4103156;3835
4103206;6397
4103222;3061
4103305;8275
4103354;6044
4103370;3306
4103404;2702
4103453;13065
4103479;4271
4103503;7546
4103602;23956
4103701;92888
4103800;6862
4103909;15983
4103958;4180
4104006;35396
4104055;4426
4104105;6461
4104204;105492
4104253;22325
4104303;82530
4104402;17775
4104428;15412
4104451;12418
4104501;18103
4104600;13616
4104659;16521
4104709;13170
4104808;285784
4104907;65363
4105003;9578
4105102;11247
4105201;17693
4105300;10914
4105409;19224
4105508;64498
4105607;10468
4105706;17599
4105805;233916
4105904;21049
4106001;8552
4106100;3554
4106209;14800
4106308;15428
4106407;46931
4106456;7480
4106506;21571
4106555;4262
4106571;4150
4106605;20182
4106704;4493
4106803;18329
4106852;3116
4106902;1797408
4107009;14338
4107108;5611
4107124;3665
4107157;4944
4107207;34001
4107256;6530
4107306;5609
4107405;5974
4107504;13867
4107520;1887
4107538;3842
4107546;5104
4107553;3394
4107603;15527
4107652;75006
4107702;4871
4107736;5688
4107751;8380
4107801;5051
4107850;4685
4107900;5215
4108007;11571
4108106;2448
4108205;7532
4108304;311336
4108320;6342
4108403;72409
4108452;5832
4108502;14591
4108551;3568
4108601;28941
4108650;7993
4108700;7641
4108809;28683
4108908;5721
4108957;7548
4109005;3639
4109104;2190
4109203;4993
4109302;15959
4109401;164567
4109500;7732
4109609;30793
4109658;6169
4109708;28050
4109757;5927
4109807;45158
4109906;9212
4110003;3741
4110052;2286
4110078;11191
4110102;27044
4110201;11036
4110300;2810
4110409;4138
4110508;13993
4110607;15086
4110656;2580
4110706;54151
4110805;11174
4110904;4508
4110953;8581
4111001;6935
4111100;5897
4111209;10537
4111258;22021
4111308;3699
4111407;12840
4111506;31344
4111555;7792
4111605;2715
4111704;5019
4111803;39327
4111902;11782
4112009;31865
4112108;19534
4112207;7032
4112306;4694
4112405;8248
4112504;14315
4112603;1461
4112702;11244
4112751;8825
4112801;10247
4112900;3654
4112959;7684
4113007;6090
4113106;4664
4113205;41679
4113254;6322
4113304;30481
4113403;4230
4113429;4123
4113452;5446
4113502;19464
4113601;4219
4113700;497833
4113734;7204
4113759;5082
4113809;4375
4113908;12414
4114005;14132
4114104;18259
4114203;31890
4114302;20408
4114351;3306
4114401;17119
4114500;12762
4114609;44562
4114708;6012
4114807;30017
4114906;8932
4115002;6541
4115101;10461
4115200;325968
4115309;5805
4115358;5571
4115408;13156
4115457;5205
4115507;4142
4115606;15404
4115705;23357
4115739;4156
4115754;7814
4115804;38397
4115853;4713
4115903;2336
4116000;1899
4116059;10412
4116109;12926
4116208;16198
4116307;3552
4116406;3903
4116505;1377
4116604;3298
4116703;11753
4116802;7795
4116901;25719
4116950;5182
4117008;8054
4117057;11302
4117107;12619
4117206;5227
4117214;3802
4117222;7582
4117255;10452
4117271;8317
4117297;2747
4117305;24397
4117404;3296
4117453;5465
4117503;34640
4117602;40485
4117701;31234
4117800;15454
4117909;27545
4118006;11169
4118105;9513
4118204;133559
4118303;2656
4118402;79110
4118451;4631
4118501;66680
4118600;5457
4118709;7032
4118808;13029
4118857;5055
4118907;9334
4119004;7046
4119103;11083
4119152;112038
4119202;5893
4119251;2524
4119301;29113
4119400;23170
4119509;82006
4119608;34310
4119657;2664
4119707;3791
4119806;13649
4119905;306351
4119954;16625
4120002;14174
4120101;4212
4120150;3761
4120200;2462
4120309;3779
4120333;3344
4120358;5811
4120408;4674
4120507;10753
4120606;48708
4120655;4848
4120705;6877
4120804;18125
4120853;3669
4120903;30181
4121000;11804
4121109;5173
4121208;15897
4121257;4147
4121307;4001
4121356;2928
4121406;15809
4121505;14053
4121604;6762
4121703;24249
4121752;7094
4121802;10882
4121901;13389
4122008;13248
4122107;3260
4122156;14450
4122172;3850
4122206;31486
4122305;29862
4122404;53437
4122503;12265
4122602;9023
4122651;5823
4122701;5447
4122800;4666
4122909;5087
4123006;12480
4123105;4062
4123204;3676
4123303;7924
4123402;9774
4123501;22794
4123600;1878
4123709;8509
4123808;11434
4123824;3725
4123857;11548
4123907;11992
4123956;3453
4124004;5537
4124020;9378
4124053;19552
4124103;40480
4124202;2692
4124301;2354
4124400;18565
4124509;4876
4124608;5817
4124707;11563
4124806;10900
4124905;5979
4125001;11854
4125100;13611
4125209;8979
4125308;5286
4125357;6031
4125407;6293
4125456;3873
4125506;263622
4125555;2093
4125605;39152
4125704;25341
4125753;6540
4125803;9569
4125902;2532
4126009;8681
4126108;5279
4126207;6638
4126256;79686
4126272;4931
4126306;19356
4126355;4327
4126405;5894
4126504;15485
4126603;16663
4126652;3445
4126678;10887
4126702;4564
4126801;14498
4126900;5829
4127007;9781
4127106;65797
4127205;14588
4127304;14405
4127403;16208
4127502;18710
4127601;13091
4127700;109857
4127809;8814
4127858;11718
4127882;5921
4127908;8598
4127957;7755
4127965;14025
4128005;21214
4128104;95153
4128203;51043
4128302;2402
4128401;11489
4128500;18691
4128534;10275
4128559;9099
4128609;8002
4128625;3252
4128633;5956
4128658;4024
4128708;6310
4128807;5818
4200051;2726
4200101;16374
4200200;9080
4200309;4677
4200408;6756
4200507;6086
4200556;2551
4200606;4410
4200705;9754
4200754;2021
4200804;6587
4200903;5322
4201000;9141
4201109;3175
4201208;7087
4201257;10270
4201273;3962
4201307;21278
4201406;57119
4201505;7312
4201604;3516
4201653;2193
4201703;6761
4201802;3317
4201901;5399
4201950;8089
4202008;94344
4202057;7278
4202073;7307
4202081;3028
4202099;2064
4202107;18575
4202131;5909
4202156;2681
4202206;9841
4202305;53444
4202404;292972
4202438;3047
4202453;12456
4202503;4214
4202537;2296
4202578;2026
4202602;8258
4202701;4127
4202800;27730
4202859;3288
4202875;2934
4202909;94962
4203006;67556
4203105;6217
4203154;4012
4203204;53388
4203253;3210
4203303;11391
4203402;7968
4203501;9590
4203600;28447
4203709;9696
4203808;52677
4203907;18465
4203956;20064
4204004;8733
4204103;4885
4204152;2671
4204178;3948
4204194;2749
4204202;164803
4204251;14563
4204301;67249
4204350;3361
4204400;10246
4204459;2481
4204509;12758
4204558;14838
4204608;185506
4204707;10638
4204756;1874
4204806;37493
4204905;8705
4205001;14792
4205100;3441
4205159;3280
4205175;2979
4205191;1843
4205209;4098
4205308;10339
4205357;1640
4205407;396723
4205431;2620
4205456;20719
4205506;34889
4205555;2655
4205605;3493
4205704;16399
4205803;13393
4205902;52428
4206009;12175
4206108;6051
4206207;10510
4206306;16095
4206405;10604
4206504;29932
4206603;4711
4206652;4505
4206702;18942
4206751;1987
4206801;3390
4206900;16716
4207007;54107
4207106;11552
4207205;11675
4207304;36231
4207403;5501
4207502;47686
4207577;2558
4207601;4705
4207650;8091
4207684;6566
4207700;7118
4207759;4261
4207809;9313
4207858;2025
4207908;10287
4208005;6417
4208104;19752
4208203;163218
4208302;33766
4208401;15238
4208450;10719
4208500;20577
4208609;4032
4208708;10738
4208807;15668
4208906;129973
4208955;1851
4209003;24435
4209102;487003
4209151;4840
4209177;2134
4209201;2190
4209300;161583
4209409;50179
4209458;1461
4209508;5483
4209607;13700
4209706;11735
4209805;3589
4209854;4560
4209904;9180
4210001;8986
4210035;5391
4210050;1760
4210100;51014
4210209;2842
4210308;7337
4210407;5909
4210506;21684
4210555;2282
4210605;13777
4210704;2818
4210803;6880
4210852;2545
4210902;3772
4211009;9126
4211058;8854
4211108;8113
4211207;15426
4211256;2727
4211306;52638
4211405;4118
4211454;4117
4211504;11325
4211603;12536
4211652;2902
4211702;20859
4211751;15693
4211801;7095
4211850;2152
4211876;1821
4211892;2297
4211900;122471
4212007;7942
4212056;2334
4212106;16061
4212205;17056
4212239;4195
4212254;5313
4212270;4472
4212304;6830
4212403;4817
4212502;20868
4212601;2944
4212700;6064
4212809;13760
4212908;14691
4213005;2912
4213104;4570
4213153;2639
4213203;25261
4213302;5080
4213351;3500
4213401;11210
4213500;13232
4213609;32256
4213708;13722
4213807;7120
4213906;1757
4214003;13651
4214102;2259
4214151;2604
4214201;10871
4214300;2772
4214409;6054
4214508;6042
4214607;6795
4214706;9685
4214805;56919
4214904;4468
4215000;42237
4215059;2433
4215075;4998
4215109;10773
4215208;5738
4215307;7432
4215356;4072
4215406;4172
4215455;10300
4215505;15311
4215554;2437
4215604;2031
4215653;7949
4215679;9025
4215687;3044
4215695;1450
4215703;17602
4215752;2653
4215802;72548
4215901;3178
4216008;10372
4216057;4850
4216107;9346
4216206;37613
4216255;6020
4216305;22089
4216354;3289
4216404;6916
4216503;24058
4216602;196887
4216701;13699
4216800;10304
4216909;21799
4217006;10246
4217105;3194
4217154;1972
4217204;33806
4217253;4765
4217303;8587
4217402;12776
4217501;17121
4217550;3200
4217600;12470
4217709;24424
4217758;3061
4217808;16838
4217907;8410
4217956;1741
4218004;27804
4218103;5133
4218202;33326
4218251;6979
4218301;17937
4218350;3498
4218400;6599
4218509;5641
4218608;6221
4218707;92569
4218756;4650
4218806;11031
4218855;3058
4218905;10439
4218954;2501
4219002;18588
4219101;3560
4219150;3110
4219176;4321
4219200;5981
4219309;44479
4219358;5563
4219408;3431
4219507;40228
4219606;4218
4219705;24318
4219853;2868
4300034;4138
4300059;3565
4300109;16714
4300208;7261
4300307;7357
4300406;78188
4300455;4789
4300471;2158
4300505;8972
4300554;1940
4300570;2934
4300604;207142
4300638;6232
4300646;8058
4300661;1206
4300703;6163
4300802;13591
4300851;3825
4300877;4781
4300901;6616
4301008;18079
4301057;6635
4301073;2734
4301107;13619
4301206;12638
4301305;18358
4301404;10210
4301503;7273
4301552;3715
4301602;112550
4301636;10517
4301651;5293
4301701;6519
4301750;6924
4301800;5306
4301859;2969
4301875;3776
4301909;11478
4301925;2028
4301958;2338
4302006;11450
4302055;2256
4302105;100643
4302154;2066
4302204;6468
4302220;2447
4302238;2447
4302253;2663
4302303;11843
4302352;10910
4302378;2441
4302402;11130
4302451;7825
4302501;7652
4302584;2296
4302600;3826
4302659;4701
4302709;19717
4302808;32574
4302907;13629
4303004;84629
4303103;112603
4303202;4824
4303301;5080
4303400;5184
4303509;60563
4303558;2471
4303608;6959
4303673;3205
4303707;6342
4303806;5588
4303905;56595
4304002;5581
4304101;3564
4304200;29444
4304309;6634
4304358;8236
4304408;38318
4304507;53547
4304606;326458
4304614;1941
4304622;1837
4304630;37405
4304655;3180
4304663;23655
4304671;3339
4304689;10950
4304697;2595
4304705;58196
4304713;7131
4304804;23960
4304853;1719
4304903;8381
4304952;2989
4305009;9499
4305108;399038
4305116;3026
4305124;6629
4305132;4465
4305157;2577
4305173;9233
4305207;12484
4305306;9440
4305355;33705
4305371;3581
4305405;4078
4305439;5278
4305447;4874
4305454;10883
4305504;4945
4305587;2404
4305603;3744
4305702;6607
4305801;9842
4305835;1566
4305850;3106
4305871;2441
4305900;7873
4305934;1658
4305959;4577
4305975;2916
4306007;14726
4306056;7026
4306072;2967
4306106;63450
4306130;2273
4306205;12171
4306304;4704
4306320;3378
4306353;2968
4306379;3129
4306403;24815
4306429;2362
4306452;3334
4306502;14504
4306551;2728
4306601;38148
4306700;3572
4306734;5494
4306759;2053
4306767;31316
4306809;19536
4306908;24152
4306924;1584
4306932;9126
4306957;3101
4306973;2881
4307005;92945
4307054;3010
4307104;6873
4307203;5294
4307302;8212
4307401;3234
4307450;3445
4307500;14991
4307559;6086
4307609;40740
4307708;78816
4307807;29071
4307815;3659
4307831;3057
4307864;2508
4307906;59871
4308003;6343
4308052;2613
4308078;3068
4308102;11679
4308201;25307
4308250;2148
4308300;11074
4308409;7116
4308433;2548
4308458;4597
4308508;27308
4308607;28791
4308656;3457
4308706;6108
4308805;8782
4308854;1579
4308904;15961
4309001;17070
4309050;6908
4309100;31652
4309126;2370
4309159;3911
4309209;261150
4309258;1669
4309308;93578
4309407;21421
4309506;8331
4309555;3658
4309571;2825
4309605;18305
4309654;6030
4309704;4923
4309753;4331
4309803;4681
4309902;7094
4309951;4182
4310009;18690
4310108;31113
4310207;76739
4310306;4202
4310330;14940
4310363;3013
4310405;6679
4310413;2290
4310439;5875
4310462;1983
4310504;8468
4310538;4633
4310553;3568
4310579;2454
4310603;36361
4310652;2677
4310702;4574
4310751;2378
4310801;18517
4310850;4173
4310876;2619
4310900;3567
4311007;27944
4311106;11626
4311122;4404
4311130;3692
4311155;8279
4311205;19541
4311239;2617
4311254;6389
4311270;1590
4311304;27434
4311403;67474
4311429;2536
4311502;8115
4311601;6102
4311627;5279
4311643;1488
4311700;5503
4311718;4415
4311734;2926
4311759;6784
4311775;7374
4311791;2444
4311809;33778
4311908;5372
4311981;3964
4312005;2284
4312054;4043
4312104;5291
4312138;2608
4312153;3585
4312179;1865
4312203;5059
4312252;7728
4312302;4869
4312351;1583
4312377;3122
4312385;2766
4312401;56790
4312427;2578
4312443;3241
4312450;6199
4312476;5599
4312500;11903
4312609;4574
4312617;2969
4312625;1800
4312658;15228
4312674;1759
4312708;12327
4312757;3058
4312807;3775
4312906;8683
4312955;2083
4313003;3162
4313011;2739
4313037;4775
4313060;16688
4313086;2484
4313102;6432
4313201;17747
4313300;22257
4313334;2461
4313359;3490
4313375;20591
4313391;3766
4313409;253067
4313425;4246
4313441;2331
4313466;1858
4313490;3858
4313508;39290
4313607;4480
4313656;11423
4313706;33846
4313805;6905
4313904;36360
4313953;9816
4314001;6577
4314027;7346
4314035;3151
4314050;48713
4314068;4996
4314076;5967
4314100;183300
4314134;2090
4314159;7616
4314175;2546
4314209;8039
4314308;3900
4314407;339934
4314423;4824
4314456;2362
4314464;2058
4314472;4496
4314498;4411
4314506;12939
4314555;2988
4314605;20225
4314704;10589
4314753;1976
4314779;3904
4314787;1840
4314803;28583
4314902;1420667
4315008;5631
4315057;2565
4315073;2084
4315107;10857
4315131;1992
4315149;2355
4315156;6210
4315172;2114
4315206;4192
4315305;22552
4315313;1735
4315321;2732
4315354;3561
4315404;9600
4315453;2196
4315503;15595
4315552;4202
4315602;194351
4315701;37704
4315750;4406
4315800;9922
4315909;5698
4315958;2795
4316006;19213
4316105;9654
4316204;5674
4316303;7297
4316402;40509
4316428;2595
4316436;2982
4316451;12154
4316477;2601
4316501;6644
4316600;14714
4316709;9122
4316733;1716
4316758;5471
4316808;115857
4316907;263403
4316956;6173
4316972;2163
4317004;8599
4317103;83479
4317202;64113
4317251;1815
4317301;31183
4317400;49558
4317509;73800
4317558;2216
4317608;37910
4317707;11863
4317756;2029
4317806;13622
4317905;14280
4317954;2614
4318002;61834
4318051;2854
4318101;19523
4318200;21278
4318309;57978
4318408;20506
4318424;4946
4318432;2702
4318440;2764
4318457;2952
4318465;2479
4318481;3883
4318499;2132
4318507;24905
4318606;6973
4318614;1899
4318622;3180
4318705;207721
4318804;42339
4318903;34487
4319000;19641
4319109;5853
4319125;3409
4319158;7382
4319208;5909
4319307;6690
4319356;3117
4319364;1939
4319372;2744
4319406;16613
4319505;20359
4319604;23787
4319703;3919
4319711;2230
4319737;2635
4319752;1794
4319802;8361
4319901;73979
4320008;122231
4320107;20415
4320206;10870
4320230;2968
4320263;7022
4320305;4773
4320321;2861
4320354;5290
4320404;13463
4320453;2399
4320503;6663
4320552;5791
4320578;2131
4320602;3907
4320651;2479
4320677;10315
4320701;14162
4320800;29926
4320859;4046
4320909;17500
4321006;10457
4321105;16557
4321204;53428
4321303;25768
4321329;2849
4321352;5160
4321402;13906
4321436;9709
4321451;25105
4321469;2593
4321477;6928
4321493;3070
4321501;32358
4321600;39891
4321626;2379
4321634;3015
4321667;10390
4321709;22905
4321808;23333
4321832;3073
4321857;4388
4321907;23467
4321956;5905
4322004;23976
4322103;5907
4322152;4378
4322186;1723
4322202;22556
4322251;3604
4322301;8793
4322327;3829
4322343;2440
4322350;1666
4322376;2392
4322400;123743
4322509;59938
4322525;3227
4322533;10817
4322541;4741
4322558;1956
4322608;64442
4322707;22702
4322806;23904
4322855;1973
4322905;5663
4323002;253264
4323101;5569
4323200;3080
4323309;3169
4323358;2230
4323408;4159
4323457;4255
4323507;2871
4323606;1492
4323705;2713
4323754;3652
4323770;2716
4323804;10602
5000203;13183
5000252;4299
5000609;33426
5000708;22364
5000807;8380
5000856;7253
5000906;8350
5001003;19819
5001102;44920
5001243;9236
5001508;5888
5001904;18687
5002001;10564
5002100;22868
5002159;8168
5002209;17275
5002308;12136
5002407;22723
5002605;13192
5002704;724524
5002803;5095
5002902;20916
5002951;16193
5003108;4165
5003157;13979
5003207;96373
5003256;18277
5003306;31816
5003454;11261
5003488;9350
5003504;4900
5003702;181869
5003751;11934
5003801;18789
5003900;3280
5004007;9644
5004106;10208
5004304;14632
5004403;7342
5004502;18605
5004601;16924
5004700;20567
5004809;7362
5004908;5577
5005004;23341
5005103;3808
5005152;5353
5005202;17906
5005251;5813
5005400;30912
5005608;23965
5005681;15968
5005707;43391
5005806;15203
5006002;12026
5006200;43495
5006259;4967
5006309;38969
5006358;11092
5006408;8307
5006606;72207
5006903;14861
5007109;19159
5007208;26560
5007307;4961
5007406;18579
5007505;4346
5007554;7162
5007695;20524
5007703;10659
5007802;6413
5007901;38147
5007935;12548
5007950;9203
5007976;3117
5008008;14458
5008305;85914
5008404;5627
5100102;5530
5100201;18991
5100250;49140
5100300;13790
5100359;5025
5100409;9132
5100508;8144
5100607;6058
5100805;7926
5101001;2974
5101209;1117
5101258;15335
5101308;9869
5101407;19100
5101605;7619
5101704;32490
5101803;53243
5101852;4520
5101902;13975
5102504;84175
5102603;13666
5102637;22322
5102678;25924
5102686;4770
5102694;5337
5102702;17183
5102793;12108
5102850;7808
5103007;17377
5103056;10670
5103106;5841
5103205;30695
5103254;27882
5103304;17939
5103353;21361
5103361;3106
5103379;13740
5103403;526830
5103437;4835
5103452;10349
5103502;18428
5103601;8261
5103700;10279
5103809;3648
5103858;5816
5103908;4803
5103957;3124
5104104;30754
5104203;13883
5104500;2524
5104526;4129
5104542;4703
5104559;4625
5104609;12159
5104807;24945
5104906;8058
5105002;10774
5105101;32023
5105150;38422
5105176;8731
5105200;11830
5105234;4870
5105259;30741
5105309;2405
5105507;13886
5105580;14084
5105606;14243
5105622;24538
5105903;14862
5106000;6237
5106109;12386
5106158;12742
5106174;2745
5106182;4949
5106190;3347
5106208;4891
5106216;12652
5106224;24368
5106232;19474
5106240;7782
5106257;18670
5106265;6725
5106273;3802
5106281;6880
5106299;11540
5106307;20033
5106315;2110
5106372;15638
5106422;28987
5106455;2734
5106505;31118
5106653;4966
5106703;1794
5106752;37910
5106778;9639
5106802;6116
5106828;9607
5106851;4011
5107008;17592
5107040;44729
5107065;10682
5107107;19001
5107156;2505
5107180;8677
5107198;2107
5107206;5053
5107248;4319
5107263;2855
5107297;3305
5107305;17345
5107354;4198
5107404;4028
5107578;3348
5107602;172783
5107701;18031
5107743;2116
5107750;3650
5107768;2478
5107776;7293
5107792;3249
5107800;19197
5107859;10713
5107875;14254
5107883;1349
5107909;105762
5107925;55134
5107941;10484
5107958;76657
5108006;10478
5108055;14584
5108105;3109
5108204;4101
5108303;3998
5108352;2873
5108402;230307
5108501;9188
5108600;18934
5108808;4877
5108857;2315
5108907;5554
5108956;8133
5200050;5868
5200100;12640
5200134;18553
5200159;2510
5200175;5008
5200209;2074
5200258;131884
5200308;20033
5200506;2065
5200555;3136
5200605;6638
5200803;8217
5200829;3492
5200852;4698
5200902;3527
5201108;325544
5201207;966
5201306;17705
5201405;475303
5201454;2702
5201504;3554
5201603;3880
5201702;17156
5201801;7243
5202155;7482
5202353;3495
5202502;6476
5202601;3719
5202809;2375
5203104;3299
5203203;6446
5203302;20615
5203401;8372
5203500;19574
5203559;6744
5203575;3160
5203609;3142
5203807;5073
5203906;8287
5203939;2238
5203962;3442
5204003;6610
5204102;8103
5204201;1410
5204250;7567
5204300;10892
5204409;15747
5204508;62204
5204557;3157
5204607;3411
5204656;3765
5204706;9697
5204805;5767
5204854;5596
5204904;18238
5204953;6331
5205000;8897
5205059;3530
5205109;75623
5205208;4477
5205307;9875
5205406;18637
5205455;7361
5205471;5289
5205497;48589
5205513;14762
5205521;3856
5205703;2633
5205802;9190
5205901;8001
5206206;36614
5206305;3041
5206404;14547
5206503;3618
5206602;3055
5206701;3507
5206800;2688
5206909;2013
5207105;2236
5207253;8344
5207352;3718
5207402;10251
5207501;3174
5207535;6918
5207600;6373
5207808;10286
5207907;10382
5208004;90212
5208103;5241
5208152;3289
5208301;5344
5208400;11159
5208509;4925
5208608;53806
5208707;1244645
5208806;24110
5208905;24472
5209101;31225
5209150;4507
5209200;13586
5209291;2394
5209408;4105
5209457;2411
5209606;3556
5209705;14004
5209804;4157
5209903;12674
5209937;5650
5209952;12703
5210000;44983
5210109;23114
5210158;2813
5210208;31060
5210307;2827
5210406;30609
5210562;4254
5210604;5467
5210802;5409
5210901;16003
5211008;8208
5211206;24832
5211305;5338
5211404;8710
5211503;88109
5211602;2718
5211701;6373
5211800;38968
5211909;81972
5212006;2998
5212055;2201
5212105;6731
5212204;18814
5212253;1225
5212303;8916
5212501;196046
5212600;2655
5212709;6454
5212808;10409
5212907;2053
5212956;4325
5213004;10769
5213053;2836
5213087;31041
5213103;45189
5213400;1848
5213509;7155
5213707;7844
5213756;9255
5213772;4395
5213806;38997
5213855;2339
5213905;4954
5214002;13123
5214051;6877
5214101;3954
5214408;7223
5214507;19392
5214606;38517
5214705;2200
5214804;2094
5214838;12603
5214861;8470
5214879;2622
5214903;3555
5215009;6884
5215207;3451
5215231;83599
5215256;3986
5215306;14374
5215405;4430
5215504;4736
5215603;25969
5215652;3229
5215702;21199
5215801;2260
5215900;3622
5216007;2618
5216304;7724
5216403;10926
5216452;2748
5216809;9864
5216908;2852
5217104;23310
5217203;11139
5217302;20460
5217401;26857
5217609;76376
5217708;16226
5218003;39238
5218052;3008
5218102;3310
5218300;28850
5218391;3298
5218508;38064
5218607;10485
5218706;4167
5218789;2959
5218805;149382
5218904;18025
5219001;7647
5219100;5658
5219209;3542
5219258;4594
5219308;35027
5219357;3485
5219407;5873
5219456;3372
5219506;2851
5219605;4145
5219704;11558
5219712;4134
5219738;3893
5219753;55621
5219803;9786
5219902;5713
5220009;8177
5220058;1699
5220108;26784
5220157;4266
5220207;22468
5220264;3680
5220280;2051
5220405;13832
5220454;70559
5220504;7333
5220603;18370
5220686;6915
5220702;3251
5221007;3404
5221080;2773
5221197;5620
5221304;2862
5221403;97491
5221452;3537
5221502;4962
5221551;3852
5221577;3021
5221601;33382
5221700;13712
5221809;2727
5221858;114450
5221908;3649
5222005;12187
5222054;5919
5222203;4198
5222302;5044
5300108;2455903
